msoa11cd,msoa11nm,Latitude,Longitude
E02002536,Stockton-on-Tees 002,54.610678,-1.2957634
E02002537,Stockton-on-Tees 003,54.611297,-1.2772502
E02002534,Redcar and Cleveland 020,54.527629,-1.053457
E02002535,Stockton-on-Tees 001,54.622131,-1.2872799
E02002532,Redcar and Cleveland 018,54.537155,-1.0579196
E02002533,Redcar and Cleveland 019,54.528341,-1.0675947
E02002530,Redcar and Cleveland 016,54.538927,-0.95208073
E02002538,Stockton-on-Tees 004,54.596223,-1.2905337
E02002539,Stockton-on-Tees 005,54.606496,-1.3550366
E02005740,Northumberland 020,55.137408,-1.5728585
E02005741,Northumberland 021,55.133533,-1.6042375
E02001736,Newcastle upon Tyne 029,54.971706,-1.6498345
E02001737,Newcastle upon Tyne 030,54.967211,-1.5506109
E02001734,Newcastle upon Tyne 027,54.973016,-1.6681007
E02001735,Newcastle upon Tyne 028,54.972279,-1.5580684
E02001732,Newcastle upon Tyne 025,54.977696,-1.6877479
E02001733,Newcastle upon Tyne 026,54.974185,-1.5707328
E02001730,Newcastle upon Tyne 023,54.977314,-1.5975407
E02001731,Newcastle upon Tyne 024,54.974255,-1.6244105
E02001738,North Tyneside 001,55.053417,-1.4682655
E02001739,North Tyneside 002,55.055955,-1.5849496
E02004354,County Durham 057,54.637983,-1.7149263
E02004355,County Durham 058,54.646797,-1.684972
E02004352,County Durham 055,54.656577,-1.6592746
E02004353,County Durham 056,54.654795,-1.6846777
E02004350,County Durham 046,54.71485,-1.7403412
E02004351,County Durham 051,54.705294,-1.686009
E02002506,Middlesbrough 011,54.551893,-1.2265066
E02002507,Middlesbrough 012,54.547545,-1.2481235
E02002504,Middlesbrough 009,54.556799,-1.2520046
E02002505,Middlesbrough 010,54.551806,-1.2006114
E02002502,Middlesbrough 007,54.557473,-1.182548
E02002503,Middlesbrough 008,54.556917,-1.2639551
E02002500,Middlesbrough 005,54.560431,-1.2406648
E02002501,Middlesbrough 006,54.560477,-1.2252772
E02002508,Middlesbrough 013,54.541629,-1.2579547
E02002509,Middlesbrough 014,54.540677,-1.2153426
E02001706,Gateshead 025,54.90434,-1.5801935
E02001787,South Tyneside 020,54.953473,-1.4833102
E02001707,Gateshead 026,54.888843,-1.568569
E02001786,South Tyneside 019,54.960527,-1.4288565
E02001704,Gateshead 023,54.923561,-1.5878885
E02001785,South Tyneside 018,54.958084,-1.369159
E02001705,Gateshead 024,54.919576,-1.8064695
E02001784,South Tyneside 017,54.963375,-1.4852448
E02001702,Gateshead 021,54.928986,-1.5713856
E02001783,South Tyneside 016,54.96287,-1.4458938
E02001703,Gateshead 022,54.924903,-1.7464812
E02001782,South Tyneside 015,54.964313,-1.5099414
E02001700,Gateshead 019,54.934625,-1.6578664
E02001781,South Tyneside 014,54.964899,-1.4634839
E02001701,Gateshead 020,54.92992,-1.6002452
E02001780,South Tyneside 013,54.969268,-1.4058952
E02001708,Newcastle upon Tyne 001,55.020664,-1.6628433
E02001789,South Tyneside 022,54.951034,-1.4113165
E02001709,Newcastle upon Tyne 002,55.022774,-1.6253181
E02001788,South Tyneside 021,54.951394,-1.4638042
E02006842,Gateshead 028,54.95081,-1.5966656
E02006841,Gateshead 027,54.959189,-1.5950357
E02004326,County Durham 034,54.76207,-1.3920708
E02004327,County Durham 036,54.762522,-1.3151366
E02004324,County Durham 025,54.788219,-1.3400659
E02004325,County Durham 032,54.767119,-1.3320161
E02004322,County Durham 018,54.832432,-1.3618094
E02004323,County Durham 021,54.813342,-1.394647
E02004320,County Durham 016,54.840336,-1.3661224
E02004321,County Durham 017,54.834435,-1.338067
E02004328,County Durham 035,54.764001,-1.3486191
E02004329,County Durham 037,54.750658,-1.3474194
E02002516,Redcar and Cleveland 002,54.6086,-1.0738281
E02002517,Redcar and Cleveland 003,54.606988,-1.0900123
E02002514,Middlesbrough 019,54.52108,-1.2159191
E02002515,Redcar and Cleveland 001,54.615758,-1.0650558
E02002512,Middlesbrough 017,54.524472,-1.1958766
E02002513,Middlesbrough 018,54.52276,-1.2440211
E02002510,Middlesbrough 015,54.534252,-1.2595411
E02002518,Redcar and Cleveland 004,54.60396,-1.0514398
E02002519,Redcar and Cleveland 005,54.597298,-1.0720569
E02005726,Northumberland 034,55.029202,-1.7763446
E02005727,Northumberland 019,55.14007,-2.2289056
E02005725,Northumberland 033,55.049157,-1.7472002
E02005722,Northumberland 015,55.165881,-1.7326025
E02005723,Northumberland 016,55.164346,-1.6876894
E02005720,Northumberland 008,55.237696,-1.5926369
E02005721,Northumberland 011,55.179734,-1.6529135
E02001797,Sunderland 007,54.920842,-1.5292852
E02001796,Sunderland 006,54.919687,-1.3747364
E02001714,Newcastle upon Tyne 007,55.002012,-1.5825985
E02001795,Sunderland 005,54.920661,-1.3950972
E02001715,Newcastle upon Tyne 008,55.000624,-1.6529127
E02001794,Sunderland 004,54.926087,-1.4204344
E02001712,Newcastle upon Tyne 005,55.005825,-1.6106856
E02001793,Sunderland 003,54.928712,-1.449765
E02001713,Newcastle upon Tyne 006,55.004269,-1.6304933
E02001792,Sunderland 002,54.92995,-1.3748738
E02001710,Newcastle upon Tyne 003,55.013134,-1.647097
E02001791,Sunderland 001,54.932238,-1.3865586
E02005728,Northumberland 037,54.97022,-2.4636235
E02001711,Newcastle upon Tyne 004,55.006908,-1.6870678
E02001790,South Tyneside 023,54.946068,-1.4405983
E02005729,Northumberland 036,54.970436,-1.8644908
E02001718,Newcastle upon Tyne 011,54.996528,-1.673065
E02001799,Sunderland 009,54.914807,-1.5234746
E02001719,Newcastle upon Tyne 012,54.993744,-1.5773701
E02001798,Sunderland 008,54.919759,-1.451104
E02006909,Hartlepool 014,54.680758,-1.2494335
E02004336,County Durham 050,54.690737,-1.5422514
E02004337,County Durham 052,54.692037,-1.6136312
E02004334,County Durham 048,54.697891,-1.4300363
E02004335,County Durham 049,54.699481,-1.5820773
E02004332,County Durham 043,54.731628,-1.3753668
E02004333,County Durham 047,54.706111,-1.6001666
E02004330,County Durham 039,54.747604,-1.2915883
E02004331,County Durham 040,54.742237,-1.4217408
E02004338,County Durham 053,54.664049,-1.5525509
E02004339,County Durham 054,54.656715,-1.4518171
E02005736,Northumberland 013,55.176965,-1.5457118
E02005737,Northumberland 012,55.177575,-1.5805629
E02005734,Northumberland 009,55.184234,-1.5174711
E02005735,Northumberland 010,55.18091,-1.5628462
E02005733,Northumberland 040,54.963291,-2.2216823
E02005730,Northumberland 035,54.969466,-2.1070628
E02005731,Northumberland 038,54.960904,-1.8508892
E02005738,Northumberland 014,55.171705,-1.5620834
E02005739,Northumberland 017,55.162438,-1.5923523
E02006910,Redcar and Cleveland 022,54.565247,-1.16422
E02001826,Sunderland 036,54.810913,-1.444769
E02001824,Sunderland 034,54.838871,-1.467149
E02001825,Sunderland 035,54.824023,-1.454426
E02001822,Sunderland 032,54.863204,-1.4810992
E02001823,Sunderland 033,54.844476,-1.4939218
E02001820,Sunderland 030,54.867774,-1.4971983
E02001821,Sunderland 031,54.863451,-1.4055038
E02004306,County Durham 020,54.82141,-1.7396276
E02004307,County Durham 024,54.797137,-1.6789677
E02004304,County Durham 012,54.845687,-1.8159639
E02004305,County Durham 014,54.846725,-1.8596101
E02004302,County Durham 009,54.860583,-1.7121447
E02004303,County Durham 010,54.855918,-1.8315094
E02004300,County Durham 006,54.865552,-1.7441111
E02004301,County Durham 008,54.863765,-1.6871013
E02004308,County Durham 022,54.801483,-1.567975
E02004309,County Durham 023,54.796162,-1.5855451
E02002566,Darlington 008,54.530202,-1.5582335
E02002567,Darlington 009,54.528557,-1.529681
E02002564,Darlington 006,54.539053,-1.5835008
E02002565,Darlington 007,54.534376,-1.5668272
E02002562,Darlington 004,54.541767,-1.5506585
E02002563,Darlington 005,54.540656,-1.5281045
E02002560,Darlington 002,54.55035,-1.5485081
E02002561,Darlington 003,54.547384,-1.5249351
E02002568,Darlington 010,54.524422,-1.5703934
E02002569,Darlington 011,54.525531,-1.5869447
E02002487,Hartlepool 005,54.688591,-1.2203267
E02002485,Hartlepool 003,54.695905,-1.2258342
E02002484,Hartlepool 002,54.703076,-1.2103501
E02002483,Hartlepool 001,54.711245,-1.2455647
E02002489,Hartlepool 007,54.681567,-1.2195772
E02002488,Hartlepool 006,54.687812,-1.2334342
E02001766,North Tyneside 029,54.994814,-1.5262163
E02001767,North Tyneside 030,54.993184,-1.5393176
E02001764,North Tyneside 027,55.000261,-1.4595419
E02001765,North Tyneside 028,54.995968,-1.5023969
E02001762,North Tyneside 025,55.00468,-1.5496452
E02001763,North Tyneside 026,55.002379,-1.4989721
E02001760,North Tyneside 023,55.006991,-1.4696456
E02001761,North Tyneside 024,55.006095,-1.5270059
E02001768,South Tyneside 001,54.998337,-1.425975
E02001769,South Tyneside 002,54.987879,-1.4342037
E02005706,Northumberland 001,55.764165,-2.0068907
E02005707,Northumberland 002,55.753804,-2.0217058
E02005704,Northumberland 006,55.331854,-1.5940051
E02005705,Northumberland 007,55.312231,-1.9083889
E02005702,Northumberland 004,55.428116,-1.6304671
E02005703,Northumberland 005,55.409716,-1.7080592
E02005708,Northumberland 003,55.579204,-1.873747
E02005709,Northumberland 022,55.127435,-1.5362687
E02001685,Gateshead 004,54.955893,-1.7201309
E02001684,Gateshead 003,54.954966,-1.5516688
E02001683,Gateshead 002,54.964403,-1.7870281
E02001682,Gateshead 001,54.970931,-1.7553768
E02001689,Gateshead 008,54.953602,-1.6123301
E02001688,Gateshead 007,54.95437,-1.6339958
E02004316,County Durham 031,54.771136,-1.6991785
E02004317,County Durham 038,54.750702,-1.6340936
E02004314,County Durham 030,54.772444,-1.574471
E02004315,County Durham 033,54.771474,-1.593103
E02004312,County Durham 028,54.786698,-1.5262408
E02004313,County Durham 029,54.779437,-1.5499263
E02004310,County Durham 026,54.784018,-1.6351459
E02004311,County Durham 027,54.782364,-1.4965785
E02004318,County Durham 041,54.739019,-1.527232
E02004319,County Durham 044,54.717635,-1.4992743
E02002572,Darlington 014,54.515577,-1.5525987
E02002573,Darlington 015,54.510914,-1.4745592
E02002570,Darlington 012,54.519093,-1.5387651
E02002571,Darlington 013,54.514869,-1.5270269
E02002497,Middlesbrough 002,54.56913,-1.2002107
E02002496,Middlesbrough 001,54.569878,-1.2296001
E02002494,Hartlepool 012,54.659425,-1.2424944
E02002493,Hartlepool 011,54.660497,-1.1941855
E02002492,Hartlepool 010,54.661726,-1.2240191
E02002491,Hartlepool 009,54.671224,-1.2366927
E02002490,Hartlepool 008,54.673942,-1.2174903
E02002499,Middlesbrough 004,54.562187,-1.202094
E02002498,Middlesbrough 003,54.568424,-1.2470744
E02001776,South Tyneside 009,54.976819,-1.5048053
E02001777,South Tyneside 010,54.974002,-1.5217745
E02001774,South Tyneside 007,54.979084,-1.4875282
E02001775,South Tyneside 008,54.976943,-1.398642
E02001772,South Tyneside 005,54.979683,-1.4264285
E02001773,South Tyneside 006,54.979018,-1.4112668
E02001770,South Tyneside 003,54.98868,-1.4210961
E02001771,South Tyneside 004,54.984237,-1.3999707
E02001778,South Tyneside 011,54.973752,-1.4360114
E02001779,South Tyneside 012,54.971076,-1.4542632
E02005716,Northumberland 028,55.087929,-1.5749054
E02005717,Northumberland 030,55.075754,-1.503945
E02005714,Northumberland 027,55.100017,-1.5833181
E02005715,Northumberland 029,55.086524,-1.5923253
E02005712,Northumberland 025,55.115263,-1.5352182
E02005713,Northumberland 026,55.111273,-1.5143372
E02005710,Northumberland 023,55.123627,-1.5093421
E02005711,Northumberland 024,55.120557,-1.5237264
E02005718,Northumberland 031,55.074583,-1.582298
E02005719,Northumberland 032,55.069594,-1.5322709
E02001697,Gateshead 016,54.937881,-1.5917691
E02001696,Gateshead 015,54.943767,-1.5462672
E02001695,Gateshead 014,54.947197,-1.5312099
E02001694,Gateshead 013,54.94655,-1.6453852
E02001693,Gateshead 012,54.947142,-1.5697251
E02001692,Gateshead 011,54.948005,-1.5855934
E02001691,Gateshead 010,54.948814,-1.6073177
E02001690,Gateshead 009,54.949496,-1.6804098
E02001699,Gateshead 018,54.937,-1.5608587
E02001698,Gateshead 017,54.937468,-1.6859055
E02001806,Sunderland 016,54.898218,-1.3729638
E02001807,Sunderland 017,54.899638,-1.5054872
E02001804,Sunderland 014,54.901519,-1.4437732
E02001805,Sunderland 015,54.899364,-1.417294
E02001802,Sunderland 012,54.904388,-1.4268282
E02001803,Sunderland 013,54.902898,-1.388408
E02001800,Sunderland 010,54.906545,-1.5388252
E02001801,Sunderland 011,54.905599,-1.4057098
E02001808,Sunderland 018,54.899194,-1.4044162
E02001809,Sunderland 019,54.897525,-1.523086
E02002546,Stockton-on-Tees 012,54.572038,-1.3265
E02002547,Stockton-on-Tees 013,54.569201,-1.3484484
E02002544,Stockton-on-Tees 010,54.58125,-1.3090351
E02002545,Stockton-on-Tees 011,54.574611,-1.3618359
E02002542,Stockton-on-Tees 008,54.58658,-1.3365813
E02002543,Stockton-on-Tees 009,54.583479,-1.3530791
E02002540,Stockton-on-Tees 006,54.594225,-1.3230232
E02002541,Stockton-on-Tees 007,54.588911,-1.3129289
E02002548,Stockton-on-Tees 014,54.560196,-1.3190095
E02002549,Stockton-on-Tees 015,54.56224,-1.3610238
E02001746,North Tyneside 009,55.038026,-1.4606613
E02001747,North Tyneside 010,55.032838,-1.4402356
E02001744,North Tyneside 007,55.040101,-1.5006298
E02001745,North Tyneside 008,55.039859,-1.574178
E02001742,North Tyneside 005,55.041771,-1.4724727
E02001743,North Tyneside 006,55.040838,-1.442534
E02001740,North Tyneside 003,55.049043,-1.456663
E02001741,North Tyneside 004,55.048688,-1.6277058
E02001748,North Tyneside 011,55.031935,-1.5123867
E02001749,North Tyneside 012,55.032512,-1.5575
E02001816,Sunderland 026,54.876004,-1.4239893
E02001817,Sunderland 027,54.872365,-1.4018041
E02001814,Sunderland 024,54.885058,-1.3704402
E02001815,Sunderland 025,54.881551,-1.5310522
E02001812,Sunderland 022,54.890746,-1.3933003
E02001813,Sunderland 023,54.885865,-1.4244878
E02001810,Sunderland 020,54.89376,-1.5443813
E02006812,Redcar and Cleveland 021,54.543252,-1.1728311
E02006893,Newcastle upon Tyne 031,54.999536,-1.7073375
E02001811,Sunderland 021,54.890979,-1.4439495
E02006811,Middlesbrough 020,54.529532,-1.1864903
E02001818,Sunderland 028,54.870762,-1.3690891
E02001819,Sunderland 029,54.869588,-1.4336325
E02002556,Stockton-on-Tees 022,54.518305,-1.3074715
E02002557,Stockton-on-Tees 023,54.517311,-1.322349
E02002554,Stockton-on-Tees 020,54.531723,-1.2951447
E02002555,Stockton-on-Tees 021,54.522114,-1.3544199
E02002552,Stockton-on-Tees 018,54.546766,-1.291871
E02002553,Stockton-on-Tees 019,54.540438,-1.2993223
E02002550,Stockton-on-Tees 016,54.55825,-1.3375822
E02002551,Stockton-on-Tees 017,54.553554,-1.2999789
E02002558,Stockton-on-Tees 024,54.498999,-1.3492717
E02002559,Darlington 001,54.550253,-1.5840361
E02001756,North Tyneside 019,55.013778,-1.5862607
E02001757,North Tyneside 020,55.01372,-1.4652721
E02001754,North Tyneside 017,55.016776,-1.4452761
E02001755,North Tyneside 018,55.018867,-1.5563678
E02001752,North Tyneside 015,55.020565,-1.4812751
E02001753,North Tyneside 016,55.018193,-1.4290696
E02001750,North Tyneside 013,55.026009,-1.4560516
E02001751,North Tyneside 014,55.024375,-1.5686328
E02001758,North Tyneside 021,55.012841,-1.5126339
E02001759,North Tyneside 022,55.010539,-1.4510851
E02004297,County Durham 001,54.899904,-1.7344907
E02004296,County Durham 019,54.821179,-1.6237925
E02004295,County Durham 015,54.845067,-1.5291393
E02004294,County Durham 013,54.847621,-1.583819
E02004293,County Durham 011,54.85417,-1.5882998
E02004292,County Durham 007,54.865312,-1.577436
E02004291,County Durham 005,54.872293,-1.6121908
E02004290,County Durham 002,54.884705,-1.6042934
E02004299,County Durham 004,54.874981,-1.6909884
E02004298,County Durham 003,54.872616,-1.8454334
E02002526,Redcar and Cleveland 012,54.56255,-0.97569375
E02002527,Redcar and Cleveland 013,54.556799,-0.8950894
E02002524,Redcar and Cleveland 010,54.568499,-0.93910316
E02002525,Redcar and Cleveland 011,54.561863,-1.1390353
E02002523,Redcar and Cleveland 009,54.570854,-1.1459922
E02002520,Redcar and Cleveland 006,54.590155,-1.0253591
E02002521,Redcar and Cleveland 007,54.58157,-0.97821846
E02002529,Redcar and Cleveland 015,54.5522,-1.1540814
E02001726,Newcastle upon Tyne 019,54.983425,-1.6692806
E02001727,Newcastle upon Tyne 020,54.984114,-1.548094
E02001724,Newcastle upon Tyne 017,54.986423,-1.5994187
E02001725,Newcastle upon Tyne 018,54.984828,-1.5767449
E02001722,Newcastle upon Tyne 015,54.990668,-1.7007441
E02001723,Newcastle upon Tyne 016,54.98801,-1.6602101
E02001720,Newcastle upon Tyne 013,54.993393,-1.6066015
E02001721,Newcastle upon Tyne 014,54.992529,-1.7489157
E02001728,Newcastle upon Tyne 021,54.98103,-1.7098469
E02001729,Newcastle upon Tyne 022,54.977591,-1.6402842
E02004346,County Durham 065,54.590535,-2.0153031
E02004347,County Durham 066,54.545818,-1.9203115
E02004344,County Durham 063,54.616488,-1.5769659
E02004345,County Durham 064,54.613376,-1.7888317
E02004342,County Durham 061,54.622818,-1.5856971
E02004343,County Durham 062,54.620598,-1.5624279
E02004340,County Durham 059,54.631172,-1.6437484
E02004341,County Durham 060,54.630072,-1.5834394
E02004348,County Durham 042,54.738481,-1.9764537
E02004349,County Durham 045,54.715699,-1.7554549
E02005724,Northumberland 018,55.159137,-1.6926738
E02005732,Northumberland 039,54.952869,-1.9786252
E02001686,Gateshead 005,54.95949,-1.7254
E02005246,Pendle 007,53.852527,-2.1779427
E02005247,Pendle 008,53.84871,-2.2245149
E02005244,Pendle 005,53.860098,-2.1754965
E02005245,Pendle 006,53.857812,-2.1439702
E02005242,Pendle 003,53.91324,-2.144359
E02005243,Pendle 004,53.86082,-2.1608424
E02005240,Pendle 001,53.920639,-2.1879013
E02005241,Pendle 002,53.914682,-2.1871742
E02001236,Tameside 008,53.48937,-2.0599755
E02001237,Tameside 009,53.488066,-2.0389498
E02001234,Tameside 006,53.498159,-2.0908303
E02001235,Tameside 007,53.489593,-2.0791015
E02001232,Tameside 004,53.498503,-2.0745053
E02001233,Tameside 005,53.498091,-2.1077136
E02001230,Tameside 002,53.506474,-2.0902451
E02005248,Pendle 009,53.842196,-2.2081424
E02001231,Tameside 003,53.503125,-2.0285761
E02005249,Pendle 010,53.835453,-2.2039302
E02001238,Tameside 010,53.485766,-2.1359236
E02001239,Tameside 011,53.485227,-2.1505547
E02002636,Blackpool 004,53.842537,-3.031172
E02002637,Blackpool 005,53.834038,-3.0400957
E02002634,Blackpool 002,53.856897,-3.0294726
E02002635,Blackpool 003,53.852243,-3.0468257
E02002632,Blackburn with Darwen 018,53.656426,-2.4114624
E02002633,Blackpool 001,53.869883,-3.038065
E02002630,Blackburn with Darwen 016,53.697659,-2.471327
E02002631,Blackburn with Darwen 017,53.685598,-2.4569896
E02002638,Blackpool 006,53.830883,-3.0514134
E02002639,Blackpool 007,53.830882,-3.0171651
E02003976,Allerdale 012,54.600476,-3.1326993
E02003977,Barrow-in-Furness 001,54.181645,-3.1994114
E02003974,Allerdale 010,54.632719,-3.5471973
E02003972,Allerdale 008,54.656351,-3.5313843
E02003973,Allerdale 009,54.633272,-3.5573353
E02003970,Allerdale 006,54.661197,-3.4121272
E02003971,Allerdale 007,54.660658,-3.3563126
E02003978,Barrow-in-Furness 002,54.153081,-3.1793987
E02003979,Barrow-in-Furness 003,54.133188,-3.2121526
E02001106,Oldham 009,53.561029,-2.1162676
E02001187,Stockport 001,53.445044,-2.1545226
E02001186,Salford 030,53.42974,-2.4387673
E02001107,Oldham 010,53.553259,-2.1440495
E02001185,Salford 029,53.451441,-2.4154554
E02001104,Oldham 007,53.565106,-2.0753927
E02001184,Salford 028,53.473732,-2.2797487
E02001105,Oldham 008,53.56238,-2.1310214
E02001183,Salford 027,53.477765,-2.361199
E02001102,Oldham 005,53.569009,-2.108483
E02001182,Salford 026,53.479743,-2.3489354
E02001103,Oldham 006,53.567377,-2.008372
E02001181,Salford 025,53.480007,-2.3715096
E02001100,Oldham 003,53.577003,-2.0927969
E02001180,Salford 024,53.486665,-2.2840536
E02001101,Oldham 004,53.57454,-2.1316178
E02001108,Oldham 011,53.552655,-2.0922756
E02001189,Stockport 003,53.432001,-2.1613234
E02001109,Oldham 012,53.550083,-2.0816144
E02001188,Stockport 002,53.443924,-2.1651626
E02001056,Manchester 012,53.48839,-2.1773773
E02001057,Manchester 013,53.48419,-2.2168269
E02006871,Lancaster 020,54.064083,-2.8294061
E02001055,Manchester 011,53.498753,-2.1777824
E02001052,Manchester 008,53.510874,-2.2375461
E02001053,Manchester 009,53.505767,-2.2093683
E02001050,Manchester 006,53.515267,-2.2147537
E02001051,Manchester 007,53.512721,-2.1951675
E02003816,Cheshire East 027,53.165943,-2.2136021
E02003817,Cheshire East 028,53.164876,-2.2358834
E02004006,Copeland 007,54.44491,-3.5078749
E02003814,Cheshire East 025,53.182571,-2.4399951
E02001059,Manchester 015,53.479983,-2.1910541
E02004007,Copeland 008,54.211301,-3.2750396
E02003815,Cheshire East 026,53.166656,-2.1964338
E02004004,Copeland 005,54.529825,-3.584039
E02003812,Cheshire East 023,53.200594,-2.3596264
E02004005,Copeland 006,54.485112,-3.5350877
E02003813,Cheshire East 024,53.18976,-2.4501111
E02004002,Copeland 003,54.542619,-3.5672054
E02003810,Cheshire West and Chester 047,53.046483,-2.7925645
E02003891,Cheshire West and Chester 045,53.16353,-2.6619589
E02004003,Copeland 004,54.524678,-3.5121735
E02003811,Cheshire East 022,53.217345,-2.3396842
E02003890,Cheshire West and Chester 042,53.180839,-2.5277511
E02004000,Copeland 001,54.578513,-3.5576904
E02004001,Copeland 002,54.547644,-3.5836936
E02003818,Cheshire East 029,53.155273,-2.1924039
E02003819,Cheshire East 030,53.148777,-2.3698388
E02004008,Eden 001,54.741495,-2.6064703
E02004009,Eden 002,54.752792,-2.8147917
E02001366,Liverpool 020,53.426691,-2.931035
E02001367,Liverpool 021,53.427161,-2.9015174
E02001364,Liverpool 018,53.42919,-2.9627712
E02001365,Liverpool 019,53.427807,-2.9502483
E02001362,Liverpool 016,53.433695,-2.9204408
E02001363,Liverpool 017,53.430742,-2.8769244
E02001360,Liverpool 014,53.436438,-2.9789819
E02001361,Liverpool 015,53.434757,-2.9467456
E02001368,Liverpool 022,53.422995,-2.9861219
E02001369,Liverpool 023,53.420559,-2.9707771
E02005306,West Lancashire 003,53.604252,-2.943944
E02005307,West Lancashire 004,53.598443,-2.8432528
E02005304,West Lancashire 001,53.693696,-2.8391586
E02005305,West Lancashire 002,53.674347,-2.9124042
E02005302,South Ribble 016,53.689049,-2.6835177
E02005303,South Ribble 017,53.68819,-2.7182106
E02005300,South Ribble 014,53.692918,-2.7345409
E02005301,South Ribble 015,53.693923,-2.7079189
E02005308,West Lancashire 005,53.592836,-2.7554963
E02005256,Preston 004,53.789135,-2.6801352
E02005257,Preston 005,53.78407,-2.7444193
E02005254,Preston 002,53.807002,-2.7351981
E02005255,Preston 003,53.792683,-2.7144239
E02005252,Pendle 013,53.822561,-2.2308917
E02005253,Preston 001,53.816823,-2.6467427
E02005250,Pendle 011,53.833135,-2.2189767
E02005251,Pendle 012,53.833315,-2.1979483
E02001206,Stockport 020,53.395847,-2.0725206
E02001287,Wigan 001,53.590393,-2.6724515
E02001207,Stockport 021,53.392763,-2.1092663
E02001286,Trafford 028,53.37029,-2.3162225
E02001204,Stockport 018,53.400821,-2.1855852
E02001285,Trafford 027,53.375986,-2.3587433
E02001205,Stockport 019,53.400492,-2.1436223
E02001284,Trafford 026,53.379024,-2.3369869
E02001202,Stockport 016,53.402578,-2.1708981
E02001283,Trafford 025,53.389799,-2.3654454
E02001203,Stockport 017,53.403194,-2.0484076
E02001282,Trafford 024,53.393773,-2.3468328
E02001200,Stockport 014,53.410178,-2.1541854
E02001281,Trafford 023,53.394725,-2.3283138
E02005258,Preston 006,53.780513,-2.7069479
E02001201,Stockport 015,53.405508,-2.1357875
E02001280,Trafford 022,53.394772,-2.3108099
E02005259,Preston 007,53.779063,-2.6729764
E02001208,Stockport 022,53.393296,-2.1976876
E02001289,Wigan 003,53.572991,-2.6928641
E02001209,Stockport 023,53.394486,-2.1592264
E02001288,Wigan 002,53.584018,-2.6566861
E02002587,Halton 014,53.322117,-2.6662131
E02002586,Halton 013,53.329102,-2.7096556
E02002585,Halton 012,53.335781,-2.7392758
E02002584,Halton 011,53.33606,-2.7200431
E02002583,Halton 010,53.336749,-2.6870005
E02002582,Halton 009,53.33677,-2.6642639
E02002581,Halton 008,53.355693,-2.7743121
E02002580,Halton 007,53.364386,-2.7315209
E02002589,Halton 016,53.318871,-2.7099211
E02002588,Halton 015,53.322012,-2.6861482
E02001466,Sefton 038,53.448682,-2.9799862
E02001467,Wirral 001,53.435749,-3.0444468
E02001464,Sefton 036,53.459361,-2.9962575
E02001465,Sefton 037,53.44999,-2.9935987
E02001462,Sefton 034,53.463281,-3.0047392
E02001463,Sefton 035,53.462756,-2.9780962
E02001460,Sefton 032,53.47016,-3.0161555
E02001461,Sefton 033,53.47128,-2.9864729
E02001468,Wirral 002,53.427515,-3.038285
E02001469,Wirral 003,53.425387,-3.065578
E02002606,Warrington 017,53.389954,-2.5821207
E02002607,Warrington 018,53.386357,-2.6006701
E02002604,Warrington 015,53.39407,-2.6601034
E02002605,Warrington 016,53.38914,-2.6326913
E02002602,Warrington 013,53.400441,-2.6080728
E02002603,Warrington 014,53.399209,-2.5309317
E02002600,Warrington 011,53.401859,-2.5814109
E02002601,Warrington 012,53.401254,-2.5593685
E02002608,Warrington 019,53.384047,-2.6569865
E02002609,Warrington 020,53.383216,-2.5608157
E02006934,Liverpool 062,53.41089,-2.9922958
E02006932,Liverpool 060,53.406377,-2.977103
E02001116,Oldham 019,53.540498,-2.0866358
E02001197,Stockport 011,53.41424,-2.1804683
E02006933,Liverpool 061,53.397381,-2.9844918
E02001117,Oldham 020,53.5383,-2.0051823
E02001196,Stockport 010,53.415545,-2.0803928
E02001114,Oldham 017,53.544324,-2.1452264
E02001195,Stockport 009,53.420441,-2.1160785
E02001115,Oldham 018,53.542514,-2.0673093
E02001194,Stockport 008,53.420918,-2.192098
E02001112,Oldham 015,53.547223,-2.1624109
E02001193,Stockport 007,53.420962,-2.1626358
E02001113,Oldham 016,53.546168,-2.1279378
E02001192,Stockport 006,53.426782,-2.178249
E02001110,Oldham 013,53.550242,-2.0273705
E02001191,Stockport 005,53.427444,-2.0940351
E02001111,Oldham 014,53.547882,-2.113213
E02001190,Stockport 004,53.429329,-2.1347799
E02001118,Oldham 021,53.537847,-2.0552009
E02001199,Stockport 013,53.413373,-2.1999472
E02001119,Oldham 022,53.536237,-2.0983353
E02001198,Stockport 012,53.41415,-2.1046423
E02001026,Bury 008,53.594877,-2.2838731
E02001027,Bury 009,53.595804,-2.3155785
E02001024,Bury 006,53.605573,-2.3325021
E02001025,Bury 007,53.599868,-2.2711984
E02001022,Bury 004,53.611465,-2.2930684
E02001023,Bury 005,53.607471,-2.3119628
E02001020,Bury 002,53.628629,-2.3323054
E02001021,Bury 003,53.621011,-2.3370683
E02001028,Bury 010,53.590001,-2.330869
E02004016,South Lakeland 002,54.371697,-2.9015862
E02001029,Bury 011,53.58463,-2.2949067
E02004017,South Lakeland 003,54.335879,-2.7423444
E02004014,Eden 007,54.481298,-2.3707637
E02004015,South Lakeland 001,54.428412,-2.9615452
E02004012,Eden 005,54.632494,-2.8410125
E02004013,Eden 006,54.589173,-2.5450908
E02004010,Eden 003,54.663021,-2.7539269
E02004018,South Lakeland 004,54.326569,-2.7509411
E02004019,South Lakeland 005,54.323163,-2.7274785
E02001376,Liverpool 030,53.413113,-2.9499507
E02001377,Liverpool 031,53.405955,-2.95823
E02001374,Liverpool 028,53.414688,-2.939454
E02001375,Liverpool 029,53.414737,-2.9087923
E02001372,Liverpool 026,53.419241,-2.8884243
E02001373,Liverpool 027,53.417007,-2.918681
E02001370,Liverpool 024,53.420696,-2.9538215
E02001371,Liverpool 025,53.419264,-2.873122
E02001378,Liverpool 032,53.404929,-2.9136824
E02005316,West Lancashire 013,53.546969,-2.7609875
E02005317,West Lancashire 014,53.538956,-2.7588218
E02005314,West Lancashire 011,53.549951,-2.8025475
E02005315,West Lancashire 012,53.549811,-2.9052699
E02005312,West Lancashire 009,53.562293,-2.7765263
E02005313,West Lancashire 010,53.555289,-2.7755074
E02005310,West Lancashire 007,53.566307,-2.8808746
E02005311,West Lancashire 008,53.561854,-2.8376935
E02005318,West Lancashire 015,53.541574,-2.7324757
E02005319,Wyre 001,53.922092,-3.0175088
E02005226,Lancaster 006,54.071563,-2.8598898
E02005224,Lancaster 004,54.076243,-2.8385436
E02005225,Lancaster 005,54.075075,-2.7251039
E02005222,Lancaster 002,54.120257,-2.6445444
E02005223,Lancaster 003,54.095777,-2.7997474
E02005221,Lancaster 001,54.130333,-2.7711375
E02001216,Stockport 030,53.382201,-2.1942085
E02001297,Wigan 011,53.544048,-2.6851475
E02001217,Stockport 031,53.382201,-2.1190711
E02001296,Wigan 010,53.544137,-2.6678243
E02001214,Stockport 028,53.387663,-2.2216731
E02001295,Wigan 009,53.546808,-2.6191795
E02001215,Stockport 029,53.387484,-2.0628838
E02001294,Wigan 008,53.552601,-2.6438222
E02001212,Stockport 026,53.390469,-2.1717668
E02001293,Wigan 007,53.555369,-2.6043907
E02001213,Stockport 027,53.388029,-2.1406784
E02001292,Wigan 006,53.55821,-2.6320871
E02001210,Stockport 024,53.393106,-2.1257782
E02001291,Wigan 005,53.559734,-2.6527923
E02005228,Lancaster 008,54.06347,-2.8727861
E02001211,Stockport 025,53.393353,-2.2357176
E02001290,Wigan 004,53.571441,-2.5915729
E02005229,Lancaster 009,54.062814,-2.8839564
E02001218,Stockport 032,53.377576,-2.1674007
E02001299,Wigan 013,53.535092,-2.5767023
E02001219,Stockport 033,53.37363,-2.1316126
E02001298,Wigan 012,53.542957,-2.6041534
E02002597,Warrington 008,53.411303,-2.5727842
E02002596,Warrington 007,53.416014,-2.5554397
E02002595,Warrington 006,53.415578,-2.5882482
E02002594,Warrington 005,53.420374,-2.5152003
E02002593,Warrington 004,53.423327,-2.5326618
E02002592,Warrington 003,53.431588,-2.6487793
E02002591,Warrington 002,53.449829,-2.5131929
E02002590,Warrington 001,53.451779,-2.5278229
E02002599,Warrington 010,53.402389,-2.6293382
E02002598,Warrington 009,53.404026,-2.6442685
E02001476,Wirral 010,53.409207,-3.0400805
E02001477,Wirral 011,53.402017,-3.0684382
E02001474,Wirral 008,53.412456,-3.0249795
E02001475,Wirral 009,53.405986,-3.1005635
E02001473,Wirral 007,53.416844,-3.0476095
E02001470,Wirral 004,53.425429,-3.0537802
E02001471,Wirral 005,53.419129,-3.0329646
E02001478,Wirral 012,53.401302,-3.1142201
E02001479,Wirral 013,53.400571,-3.1420416
E02002616,Blackburn with Darwen 002,53.756778,-2.5035366
E02002617,Blackburn with Darwen 003,53.758822,-2.4694334
E02002614,Warrington 025,53.353366,-2.5719317
E02002615,Blackburn with Darwen 001,53.768483,-2.4765352
E02002612,Warrington 023,53.3694,-2.5758888
E02002613,Warrington 024,53.356775,-2.5580644
E02002610,Warrington 021,53.381468,-2.4747265
E02002611,Warrington 022,53.377347,-2.5451203
E02002618,Blackburn with Darwen 004,53.756948,-2.4839427
E02002619,Blackburn with Darwen 005,53.748603,-2.5004211
E02006902,Manchester 054,53.487097,-2.2340523
E02003866,Cheshire East 014,53.275575,-2.129871
E02003867,Cheshire East 015,53.265131,-2.1582649
E02003864,Cheshire East 012,53.301005,-2.2393496
E02003865,Cheshire East 013,53.294233,-2.1044233
E02003862,Cheshire East 011,53.292729,-2.1499059
E02003863,Cheshire East 010,53.299532,-2.3748319
E02003860,Cheshire East 008,53.318702,-2.2491159
E02003861,Cheshire East 009,53.306399,-2.3604704
E02003868,Cheshire East 016,53.262701,-2.1136261
E02003869,Cheshire East 017,53.261188,-2.1414754
E02001036,Bury 018,53.552781,-2.3241031
E02001037,Bury 019,53.550202,-2.3030286
E02001034,Bury 016,53.562986,-2.3359271
E02001035,Bury 017,53.559963,-2.2812538
E02001032,Bury 014,53.570188,-2.33837
E02001033,Bury 015,53.567812,-2.3128181
E02001030,Bury 012,53.576418,-2.3594725
E02001031,Bury 013,53.57487,-2.2943253
E02001038,Bury 020,53.547849,-2.2916776
E02001039,Bury 021,53.548391,-2.2792603
E02001347,Liverpool 001,53.468039,-2.9265016
E02001344,Knowsley 018,53.371468,-2.8472088
E02001345,Knowsley 019,53.366227,-2.8345411
E02001342,Knowsley 016,53.406257,-2.8469675
E02001343,Knowsley 017,53.396385,-2.8136406
E02001340,Knowsley 014,53.41111,-2.875723
E02001341,Knowsley 015,53.406833,-2.8288676
E02001348,Liverpool 002,53.467084,-2.9531442
E02001349,Liverpool 003,53.462219,-2.9656423
E02005236,Lancaster 016,54.043797,-2.8909595
E02005237,Lancaster 017,54.043275,-2.80978
E02005234,Lancaster 014,54.048284,-2.7986668
E02005235,Lancaster 015,54.042531,-2.7919135
E02005233,Lancaster 013,54.051701,-2.786085
E02005230,Lancaster 010,54.062031,-2.8554149
E02005231,Lancaster 011,54.061969,-2.801817
E02005238,Lancaster 018,54.033507,-2.7892533
E02005239,Lancaster 019,54.004813,-2.7886185
E02001446,Sefton 018,53.518724,-2.9326148
E02001447,Sefton 019,53.509836,-2.9335053
E02001444,Sefton 016,53.550929,-3.0540437
E02001445,Sefton 017,53.525031,-2.9490447
E02001442,Sefton 014,53.560664,-3.0591321
E02001443,Sefton 015,53.550371,-3.0752517
E02001440,Sefton 012,53.597752,-3.0457954
E02001441,Sefton 013,53.563107,-3.072374
E02001448,Sefton 020,53.506332,-2.9482348
E02001449,Sefton 021,53.498296,-3.0086425
E02001166,Salford 010,53.512222,-2.255076
E02001167,Salford 011,53.510615,-2.2782879
E02001164,Salford 008,53.514688,-2.3138289
E02001165,Salford 009,53.513466,-2.3494689
E02001162,Salford 006,53.51887,-2.3425305
E02001163,Salford 007,53.51859,-2.3954503
E02001160,Salford 004,53.525189,-2.4262533
E02001161,Salford 005,53.521609,-2.3340157
E02001168,Salford 012,53.50592,-2.3352794
E02001169,Salford 013,53.505129,-2.4155583
E02005186,Burnley 011,53.788105,-2.3019035
E02005185,Burnley 010,53.783988,-2.2640534
E02006916,Manchester 059,53.470548,-2.2606106
E02005184,Burnley 009,53.784989,-2.1966581
E02006917,Manchester 060,53.475294,-2.2522176
E02005183,Burnley 008,53.787463,-2.2163707
E02006914,Manchester 057,53.471196,-2.2432297
E02005182,Burnley 007,53.78953,-2.2306646
E02006915,Manchester 058,53.501445,-2.2461166
E02005181,Burnley 006,53.792702,-2.2700132
E02006912,Manchester 055,53.477122,-2.2328673
E02005180,Burnley 005,53.79747,-2.2757673
E02005189,Chorley 001,53.712582,-2.6392635
E02003876,Cheshire West and Chester 012,53.273527,-2.5489565
E02003877,Cheshire West and Chester 015,53.268914,-2.7560993
E02003874,Cheshire West and Chester 002,53.294206,-2.7187687
E02003875,Cheshire West and Chester 003,53.291258,-2.5574949
E02003873,Cheshire East 021,53.245671,-2.1277872
E02003870,Cheshire East 018,53.255007,-2.1310377
E02003871,Cheshire East 019,53.253386,-2.1558084
E02003878,Cheshire West and Chester 017,53.269549,-2.4633192
E02003879,Cheshire West and Chester 018,53.260656,-2.5123485
E02001087,Manchester 043,53.417773,-2.231685
E02001006,Bolton 023,53.563842,-2.4476282
E02001086,Manchester 042,53.423064,-2.2596879
E02001007,Bolton 024,53.562498,-2.3703302
E02001085,Manchester 041,53.426826,-2.206903
E02001004,Bolton 021,53.570334,-2.4470626
E02001084,Manchester 040,53.42811,-2.2223352
E02001005,Bolton 022,53.563638,-2.422156
E02001083,Manchester 039,53.42731,-2.2453115
E02001002,Bolton 019,53.575714,-2.3864238
E02001082,Manchester 038,53.430279,-2.2348986
E02001003,Bolton 020,53.572305,-2.4810757
E02001081,Manchester 037,53.436591,-2.2798056
E02001000,Bolton 017,53.581646,-2.4080015
E02001080,Manchester 036,53.436779,-2.2152304
E02001001,Bolton 018,53.578084,-2.460722
E02001089,Manchester 045,53.409332,-2.2230495
E02001008,Bolton 025,53.56132,-2.4368978
E02001088,Manchester 044,53.410908,-2.2847366
E02001009,Bolton 026,53.559456,-2.4593269
E02001356,Liverpool 010,53.444887,-2.9133354
E02001357,Liverpool 011,53.442622,-2.9318802
E02001354,Liverpool 008,53.447177,-2.9425047
E02001355,Liverpool 009,53.444597,-2.9616442
E02001352,Liverpool 006,53.453258,-2.9632705
E02001353,Liverpool 007,53.45141,-2.881431
E02001350,Liverpool 004,53.453042,-2.9023818
E02001351,Liverpool 005,53.452918,-2.9278741
E02001358,Liverpool 012,53.441302,-2.9689918
E02001359,Liverpool 013,53.437156,-2.8919292
E02001267,Trafford 009,53.447873,-2.3508271
E02001264,Trafford 006,53.450869,-2.3242597
E02001265,Trafford 007,53.449735,-2.393756
E02005321,Wyre 003,53.910316,-3.042767
E02001397,Liverpool 051,53.376085,-2.8639107
E02001316,Wigan 030,53.501049,-2.5186961
E02001396,Liverpool 050,53.379272,-2.9620504
E02001317,Wigan 031,53.499475,-2.5022148
E02001395,Liverpool 049,53.380829,-2.9137526
E02001314,Wigan 028,53.507129,-2.4584289
E02001394,Liverpool 048,53.379962,-2.9305262
E02001315,Wigan 029,53.503115,-2.4479226
E02001393,Liverpool 047,53.384227,-2.8899202
E02001312,Wigan 026,53.509766,-2.5853452
E02001392,Liverpool 046,53.385857,-2.8687394
E02001313,Wigan 027,53.510563,-2.5280105
E02001391,Liverpool 045,53.387011,-2.8380751
E02001310,Wigan 024,53.521865,-2.6033101
E02005328,Wyre 010,53.879112,-3.023599
E02001390,Liverpool 044,53.38713,-2.9662573
E02001311,Wigan 025,53.515482,-2.4623949
E02005329,Wyre 011,53.876697,-3.0083747
E02001399,Liverpool 053,53.369016,-2.9115309
E02001318,Wigan 032,53.499205,-2.6478819
E02001398,Liverpool 052,53.375144,-2.9431679
E02001319,Wigan 033,53.498602,-2.5374795
E02005276,Ribble Valley 007,53.821545,-2.4222392
E02005277,Ribble Valley 008,53.788263,-2.4838934
E02005274,Ribble Valley 005,53.828276,-2.350141
E02005275,Ribble Valley 006,53.827781,-2.6032778
E02005272,Ribble Valley 003,53.86753,-2.4004545
E02005273,Ribble Valley 004,53.835494,-2.5923719
E02005270,Ribble Valley 001,53.89968,-2.3921483
E02005271,Ribble Valley 002,53.874024,-2.3880601
E02001226,Stockport 040,53.366093,-2.2202986
E02001227,Stockport 041,53.360275,-2.178542
E02001224,Stockport 038,53.366219,-2.0742735
E02001225,Stockport 039,53.365706,-2.1892043
E02001222,Stockport 036,53.371971,-2.2299782
E02001223,Stockport 037,53.369332,-2.1555856
E02001220,Stockport 034,53.372615,-2.2020406
E02005278,Rossendale 001,53.724692,-2.2841867
E02001262,Trafford 004,53.454199,-2.276232
E02001263,Trafford 005,53.453423,-2.3789121
E02001260,Trafford 002,53.457366,-2.3505891
E02001261,Trafford 003,53.455283,-2.3001382
E02001268,Trafford 010,53.446489,-2.3657063
E02001269,Trafford 011,53.447603,-2.3049774
E02005206,Fylde 004,53.764322,-3.0278129
E02005287,South Ribble 001,53.749658,-2.7350151
E02005207,Fylde 005,53.755556,-3.0025426
E02005286,Rossendale 009,53.658909,-2.1764592
E02005204,Fylde 002,53.785341,-2.8828926
E02005285,Rossendale 008,53.675912,-2.3068222
E02005205,Fylde 003,53.772541,-2.8531728
E02005284,Rossendale 007,53.68977,-2.3310456
E02005202,Chorley 014,53.61784,-2.6022142
E02005203,Fylde 001,53.821765,-2.9529443
E02005200,Chorley 012,53.641608,-2.6430901
E02005281,Rossendale 004,53.701498,-2.286166
E02005201,Chorley 013,53.622581,-2.6610645
E02005280,Rossendale 003,53.702939,-2.195366
E02005208,Fylde 006,53.753681,-3.0276137
E02005289,South Ribble 003,53.741132,-2.7329862
E02005209,Fylde 007,53.751478,-2.8797708
E02005288,South Ribble 002,53.739952,-2.6222133
E02001506,Wirral 040,53.324687,-3.0899267
E02001507,Wirral 041,53.316351,-2.9826556
E02001504,Wirral 038,53.335344,-3.0043572
E02001505,Wirral 039,53.329827,-2.9825599
E02001502,Wirral 036,53.348714,-2.9964543
E02001503,Wirral 037,53.334888,-3.1009094
E02001500,Wirral 034,53.350767,-3.0935817
E02001501,Wirral 035,53.349688,-3.0184252
E02001508,Wirral 042,53.312265,-2.9690981
E02001456,Sefton 028,53.483104,-3.0360104
E02001457,Sefton 029,53.483681,-2.9716304
E02001454,Sefton 026,53.484414,-2.925668
E02001455,Sefton 027,53.485812,-2.9526146
E02001452,Sefton 024,53.487091,-2.9962744
E02001453,Sefton 025,53.487684,-3.0165744
E02001450,Sefton 022,53.492158,-3.0367738
E02001451,Sefton 023,53.491249,-2.9761443
E02001458,Sefton 030,53.478875,-3.0260979
E02001459,Sefton 031,53.476938,-2.99795
E02001176,Salford 020,53.48947,-2.3422783
E02001177,Salford 021,53.488396,-2.3142676
E02001174,Salford 018,53.497428,-2.3079128
E02001175,Salford 019,53.491347,-2.3670268
E02001172,Salford 016,53.503324,-2.258671
E02001173,Salford 017,53.497152,-2.2814255
E02001170,Salford 014,53.504485,-2.3621801
E02001178,Salford 022,53.487074,-2.2584966
E02001179,Salford 023,53.48657,-2.2971492
E02005197,Chorley 009,53.652531,-2.618958
E02005196,Chorley 008,53.661063,-2.6457622
E02005195,Chorley 007,53.664897,-2.7724036
E02005194,Chorley 006,53.661551,-2.6249164
E02005193,Chorley 005,53.666324,-2.6745078
E02005192,Chorley 004,53.685312,-2.6359127
E02005191,Chorley 003,53.698728,-2.6548359
E02005190,Chorley 002,53.697119,-2.5743568
E02005199,Chorley 011,53.643999,-2.7220124
E02005198,Chorley 010,53.645079,-2.6293621
E02003846,Cheshire West and Chester 008,53.280894,-2.9329016
E02003847,Cheshire West and Chester 009,53.276936,-2.9446032
E02003844,Cheshire West and Chester 006,53.282804,-3.0582917
E02003845,Cheshire West and Chester 007,53.283452,-2.9018337
E02003842,Cheshire West and Chester 004,53.291383,-3.0049157
E02003843,Cheshire West and Chester 005,53.288126,-2.9322492
E02003840,Cheshire East 051,53.032956,-2.5931958
E02003841,Cheshire West and Chester 001,53.294662,-3.0652614
E02003848,Cheshire West and Chester 010,53.27491,-2.917445
E02003849,Cheshire West and Chester 011,53.27194,-2.8895201
E02001097,Manchester 053,53.373271,-2.265998
E02001016,Bolton 033,53.54388,-2.4176282
E02001096,Manchester 052,53.377845,-2.2498821
E02001017,Bolton 034,53.54118,-2.3724075
E02001095,Manchester 051,53.383119,-2.2832882
E02001014,Bolton 031,53.547319,-2.5255704
E02001094,Manchester 050,53.385533,-2.2656385
E02001015,Bolton 032,53.546073,-2.396597
E02001093,Manchester 049,53.391124,-2.2574182
E02001012,Bolton 029,53.551989,-2.419791
E02001092,Manchester 048,53.396892,-2.282312
E02001013,Bolton 030,53.551721,-2.4722387
E02001091,Manchester 047,53.403481,-2.3041802
E02001010,Bolton 027,53.554829,-2.4013885
E02001090,Manchester 046,53.406079,-2.2580801
E02001011,Bolton 028,53.553735,-2.511431
E02001018,Bolton 035,53.536511,-2.5264625
E02001099,Oldham 002,53.582659,-2.0906494
E02001019,Bury 001,53.645055,-2.320787
E02001098,Oldham 001,53.583822,-2.1073428
E02001326,Wigan 040,53.473279,-2.5595171
E02001327,Knowsley 001,53.492945,-2.8779664
E02001324,Wigan 038,53.477368,-2.5987007
E02001325,Wigan 039,53.475705,-2.5766799
E02001322,Wigan 036,53.48916,-2.6438252
E02001323,Wigan 037,53.488298,-2.5221122
E02001320,Wigan 034,53.491328,-2.4986971
E02001321,Wigan 035,53.489955,-2.6260525
E02001328,Knowsley 002,53.494094,-2.8939681
E02001329,Knowsley 003,53.478951,-2.8814745
E02001276,Trafford 018,53.415235,-2.2982461
E02001277,Trafford 019,53.409509,-2.3600635
E02001274,Trafford 016,53.419415,-2.344905
E02001275,Trafford 017,53.416717,-2.4309899
E02001272,Trafford 014,53.420979,-2.3049672
E02001273,Trafford 015,53.420959,-2.3197435
E02001270,Trafford 012,53.428886,-2.3266508
E02001271,Trafford 013,53.428208,-2.3501985
E02001278,Trafford 020,53.407963,-2.3416834
E02001279,Trafford 021,53.406474,-2.3277425
E02005216,Hyndburn 005,53.755459,-2.389544
E02005217,Hyndburn 006,53.749046,-2.3767618
E02005296,South Ribble 010,53.726558,-2.7523602
E02005214,Hyndburn 003,53.76779,-2.4165412
E02005295,South Ribble 009,53.727429,-2.6851406
E02005215,Hyndburn 004,53.758284,-2.3597507
E02005294,South Ribble 008,53.730678,-2.6555598
E02005212,Hyndburn 001,53.786036,-2.40587
E02005293,South Ribble 007,53.729906,-2.6667341
E02005213,Hyndburn 002,53.775081,-2.3807581
E02005292,South Ribble 006,53.735081,-2.7168422
E02005210,Fylde 008,53.74419,-2.9977382
E02005291,South Ribble 005,53.738935,-2.7080842
E02005211,Fylde 009,53.740187,-2.9539476
E02005290,South Ribble 004,53.741217,-2.6724169
E02005218,Hyndburn 007,53.744194,-2.3985978
E02005299,South Ribble 013,53.697867,-2.6928694
E02005219,Hyndburn 008,53.743435,-2.3539835
E02005298,South Ribble 012,53.710174,-2.6940261
E02002576,Halton 003,53.374481,-2.7135364
E02002577,Halton 004,53.374322,-2.7709224
E02002574,Halton 001,53.385975,-2.7245389
E02002575,Halton 002,53.381391,-2.7506946
E02002578,Halton 005,53.372189,-2.7343752
E02002579,Halton 006,53.367782,-2.7606147
E02001426,St. Helens 021,53.419832,-2.7695938
E02001427,St. Helens 022,53.41913,-2.71785
E02001424,St. Helens 019,53.433189,-2.7527514
E02001425,St. Helens 020,53.429894,-2.715503
E02001422,St. Helens 017,53.446012,-2.6924064
E02001423,St. Helens 018,53.435313,-2.7789202
E02001420,St. Helens 015,53.450434,-2.6240405
E02001421,St. Helens 016,53.449674,-2.7598941
E02001428,St. Helens 023,53.411008,-2.7607992
E02001429,Sefton 001,53.673138,-2.954551
E02003797,Cheshire West and Chester 028,53.208204,-2.8886334
E02003796,Cheshire West and Chester 027,53.211877,-2.8746636
E02003795,Cheshire West and Chester 025,53.226036,-2.9507772
E02003794,Cheshire West and Chester 022,53.25801,-2.8162279
E02003799,Cheshire West and Chester 031,53.201918,-2.930272
E02003798,Cheshire West and Chester 029,53.209302,-2.9216127
E02001146,Rochdale 015,53.606788,-2.1560353
E02001147,Rochdale 016,53.594939,-2.150371
E02001144,Rochdale 013,53.61076,-2.1168277
E02001145,Rochdale 014,53.608912,-2.1031898
E02001142,Rochdale 011,53.610889,-2.1966634
E02001143,Rochdale 012,53.609019,-2.1394786
E02001140,Rochdale 009,53.621783,-2.1794034
E02001141,Rochdale 010,53.617562,-2.1643592
E02003987,Carlisle 001,55.008502,-2.9607415
E02003986,Barrow-in-Furness 010,54.102289,-3.2462738
E02001148,Rochdale 017,53.592831,-2.1801266
E02003985,Barrow-in-Furness 009,54.111668,-3.2571103
E02000987,Bolton 004,53.601735,-2.5475079
E02001149,Rochdale 018,53.591434,-2.2246883
E02003984,Barrow-in-Furness 008,54.113042,-3.223252
E02000986,Bolton 003,53.609331,-2.4282343
E02003983,Barrow-in-Furness 007,54.113469,-3.2094812
E02000985,Bolton 002,53.610696,-2.4081154
E02003982,Barrow-in-Furness 006,54.116567,-3.1916716
E02000984,Bolton 001,53.622029,-2.4339568
E02003981,Barrow-in-Furness 005,54.12323,-3.221058
E02003980,Barrow-in-Furness 004,54.125948,-3.2303654
E02003989,Carlisle 003,54.913319,-2.9466324
E02003988,Carlisle 002,54.943961,-2.7322166
E02000989,Bolton 006,53.59942,-2.3879851
E02000988,Bolton 005,53.600948,-2.4350704
E02003856,Cheshire East 004,53.345063,-2.213521
E02003857,Cheshire East 005,53.335741,-2.2232806
E02003854,Cheshire East 002,53.349192,-2.1297195
E02003855,Cheshire East 003,53.346441,-2.1125122
E02003852,Cheshire West and Chester 016,53.261276,-2.9194319
E02003853,Cheshire East 001,53.357904,-2.0364262
E02003850,Cheshire West and Chester 013,53.270128,-2.9266843
E02003851,Cheshire West and Chester 014,53.265865,-2.9024681
E02003858,Cheshire East 006,53.326217,-2.2355271
E02003859,Cheshire East 007,53.316798,-2.3426505
E02006884,Rossendale 010,53.69569,-2.2422667
E02006881,Burnley 014,53.77886,-2.2495898
E02001336,Knowsley 010,53.423707,-2.8414755
E02001337,Knowsley 011,53.419047,-2.8303691
E02001334,Knowsley 008,53.4231,-2.8597473
E02001335,Knowsley 009,53.423688,-2.7888805
E02001332,Knowsley 006,53.434441,-2.8614514
E02001333,Knowsley 007,53.426364,-2.8027304
E02001330,Knowsley 004,53.477943,-2.9033321
E02001331,Knowsley 005,53.471365,-2.8740858
E02001338,Knowsley 012,53.415719,-2.8561679
E02001339,Knowsley 013,53.412511,-2.7949772
E02001246,Tameside 018,53.471987,-2.0750311
E02001247,Tameside 019,53.468501,-2.1179121
E02001244,Tameside 016,53.476054,-2.0669325
E02001245,Tameside 017,53.475644,-2.0902698
E02001242,Tameside 014,53.477939,-2.134437
E02001243,Tameside 015,53.478383,-2.0460376
E02001240,Tameside 012,53.484076,-2.1644146
E02001241,Tameside 013,53.483513,-2.1066518
E02001248,Tameside 020,53.461443,-2.0753589
E02001249,Tameside 021,53.458755,-2.1111078
E02001436,Sefton 008,53.634528,-2.9882517
E02001437,Sefton 009,53.632953,-3.0185368
E02001434,Sefton 006,53.644411,-2.9811461
E02001435,Sefton 007,53.639061,-3.0029839
E02001432,Sefton 004,53.651202,-2.9990963
E02001433,Sefton 005,53.648397,-2.9684398
E02001430,Sefton 002,53.664606,-2.964816
E02001431,Sefton 003,53.658033,-2.9794651
E02001438,Sefton 010,53.619274,-3.0140196
E02001439,Sefton 011,53.601814,-3.0324158
E02002646,Blackpool 014,53.800814,-3.0034855
E02002647,Blackpool 015,53.800565,-3.0380371
E02002644,Blackpool 012,53.807157,-3.0239557
E02002645,Blackpool 013,53.801162,-3.0510187
E02002642,Blackpool 010,53.816219,-3.0446819
E02002643,Blackpool 011,53.811204,-3.0393935
E02002640,Blackpool 008,53.825265,-3.0432055
E02002641,Blackpool 009,53.822729,-3.0277687
E02002648,Blackpool 016,53.79795,-3.026449
E02002649,Blackpool 017,53.787771,-3.0487258
E02001156,Rochdale 025,53.538505,-2.1918912
E02001157,Salford 001,53.53524,-2.4257207
E02001154,Rochdale 023,53.550308,-2.1798401
E02001155,Rochdale 024,53.548866,-2.2045404
E02001152,Rochdale 021,53.560494,-2.195614
E02001153,Rochdale 022,53.557765,-2.214471
E02001150,Rochdale 019,53.591643,-2.2418065
E02001151,Rochdale 020,53.585714,-2.2116519
E02003997,Carlisle 011,54.880837,-2.899765
E02003996,Carlisle 010,54.883304,-2.9290001
E02001158,Salford 002,53.530541,-2.4124128
E02003995,Carlisle 009,54.887378,-2.9655417
E02000997,Bolton 014,53.586942,-2.5230258
E02001159,Salford 003,53.52829,-2.3950127
E02003994,Carlisle 008,54.889342,-2.9523371
E02000996,Bolton 013,53.587342,-2.3899289
E02003993,Carlisle 007,54.897224,-2.8164741
E02000995,Bolton 012,53.590276,-2.4734694
E02003992,Carlisle 006,54.893234,-2.9243798
E02000994,Bolton 011,53.591864,-2.4391317
E02003991,Carlisle 005,54.892748,-2.9840057
E02000993,Bolton 010,53.593308,-2.4120875
E02003990,Carlisle 004,54.908892,-2.9227421
E02000992,Bolton 009,53.591448,-2.5790107
E02000991,Bolton 008,53.593348,-2.4533037
E02000990,Bolton 007,53.594262,-2.5404914
E02003999,Carlisle 013,54.865773,-2.9334893
E02003998,Carlisle 012,54.875292,-2.9272885
E02000999,Bolton 016,53.583317,-2.4339225
E02000998,Bolton 015,53.583136,-2.4510948
E02001066,Manchester 022,53.457792,-2.2115416
E02001067,Manchester 023,53.456627,-2.1762357
E02001064,Manchester 020,53.462487,-2.1938974
E02001065,Manchester 021,53.463937,-2.1617158
E02001062,Manchester 018,53.467326,-2.2228566
E02001063,Manchester 019,53.464831,-2.2440066
E02001061,Manchester 017,53.469978,-2.1674482
E02003826,Cheshire East 035,53.108021,-2.4362906
E02003827,Cheshire East 036,53.105674,-2.4532951
E02001068,Manchester 024,53.45523,-2.2446292
E02003824,Cheshire East 042,53.095641,-2.3210878
E02001069,Manchester 025,53.453395,-2.2314724
E02003825,Cheshire East 034,53.116715,-2.4574751
E02003822,Cheshire East 033,53.113367,-2.2860222
E02003823,Cheshire East 040,53.097109,-2.2992204
E02003820,Cheshire East 031,53.142394,-2.3900109
E02003821,Cheshire East 032,53.140612,-2.3592145
E02003828,Cheshire East 037,53.104513,-2.4674726
E02003829,Cheshire East 038,53.098955,-2.4227875
E02001387,Liverpool 041,53.390511,-2.9052987
E02001306,Wigan 020,53.523649,-2.6454192
E02001386,Liverpool 040,53.39291,-2.8618303
E02001307,Wigan 021,53.521787,-2.6686944
E02001385,Liverpool 039,53.39436,-2.9501947
E02001304,Wigan 018,53.531805,-2.7083946
E02001384,Liverpool 038,53.394122,-2.9313615
E02001305,Wigan 019,53.525201,-2.5470027
E02001383,Liverpool 037,53.397309,-2.9680219
E02001302,Wigan 016,53.532232,-2.5658763
E02001382,Liverpool 036,53.400078,-2.8858592
E02001303,Wigan 017,53.53137,-2.4924995
E02001381,Liverpool 035,53.399881,-2.9340291
E02001300,Wigan 014,53.535139,-2.6711378
E02001380,Liverpool 034,53.403312,-2.8980498
E02001301,Wigan 015,53.534427,-2.6485856
E02001389,Liverpool 043,53.388202,-2.9514258
E02001308,Wigan 022,53.522938,-2.481798
E02001388,Liverpool 042,53.388803,-2.9194568
E02001309,Wigan 023,53.521408,-2.5041334
E02005266,Preston 014,53.766327,-2.67787
E02005267,Preston 015,53.76609,-2.6972087
E02005264,Preston 012,53.769817,-2.7174492
E02005265,Preston 013,53.767606,-2.7525783
E02005262,Preston 010,53.776999,-2.7583761
E02005263,Preston 011,53.770255,-2.6995839
E02005260,Preston 008,53.775202,-2.7321839
E02005261,Preston 009,53.774119,-2.6586494
E02001256,Tameside 028,53.447781,-2.0744614
E02001257,Tameside 029,53.442761,-2.1043966
E02001254,Tameside 026,53.451742,-2.1032593
E02001255,Tameside 027,53.449527,-2.028314
E02001252,Tameside 024,53.45344,-2.1469937
E02001253,Tameside 025,53.453819,-2.1211692
E02001250,Tameside 022,53.456068,-2.0603802
E02005268,Preston 016,53.761189,-2.6756029
E02001251,Tameside 023,53.459094,-2.0013318
E02005269,Preston 017,53.755757,-2.7042721
E02001258,Tameside 030,53.438954,-2.0747168
E02001259,Trafford 001,53.460651,-2.2650081
E02001406,St. Helens 001,53.503678,-2.7862946
E02001487,Wirral 021,53.381914,-3.0257791
E02001407,St. Helens 002,53.495437,-2.7098984
E02001486,Wirral 020,53.385051,-3.0485727
E02001404,Liverpool 058,53.347775,-2.8719606
E02001485,Wirral 019,53.385041,-3.0809584
E02001405,Liverpool 059,53.342638,-2.8348464
E02001484,Wirral 018,53.388534,-3.0990005
E02001402,Liverpool 056,53.362145,-2.9166586
E02001483,Wirral 017,53.390706,-3.1178229
E02001403,Liverpool 057,53.356405,-2.8996925
E02001482,Wirral 016,53.391727,-3.0303459
E02001400,Liverpool 054,53.365357,-2.8938098
E02001481,Wirral 015,53.395552,-3.0585009
E02001401,Liverpool 055,53.362486,-2.8587968
E02001480,Wirral 014,53.395383,-3.1755449
E02001408,St. Helens 003,53.492058,-2.6708943
E02001489,Wirral 023,53.377208,-3.1203405
E02001409,St. Helens 004,53.472542,-2.7265404
E02001488,Wirral 022,53.378677,-3.0362995
E02002650,Blackpool 018,53.787581,-3.0239493
E02002651,Blackpool 019,53.783125,-3.0392911
E02005176,Burnley 001,53.811398,-2.2164941
E02005177,Burnley 002,53.807429,-2.2333596
E02001126,Oldham 029,53.523609,-2.1078237
E02001127,Oldham 030,53.518593,-2.1270854
E02001124,Oldham 027,53.52769,-2.1415942
E02001125,Oldham 028,53.527367,-2.1557276
E02001123,Oldham 026,53.529823,-2.0814093
E02005178,Burnley 003,53.800559,-2.2397741
E02001121,Oldham 024,53.531019,-2.1137714
E02005179,Burnley 004,53.798321,-2.3102966
E02001128,Oldham 031,53.514798,-2.1442355
E02001129,Oldham 032,53.508815,-2.1628368
E02001076,Manchester 032,53.442815,-2.2174439
E02001077,Manchester 033,53.439517,-2.2701001
E02001074,Manchester 030,53.445642,-2.243219
E02001075,Manchester 031,53.443503,-2.1884211
E02001072,Manchester 028,53.450529,-2.2614968
E02001073,Manchester 029,53.445501,-2.2788103
E02001070,Manchester 026,53.452491,-2.2154756
E02001071,Manchester 027,53.450825,-2.190923
E02003836,Cheshire East 047,53.069703,-2.5142123
E02003837,Cheshire East 049,53.061269,-2.5020999
E02001078,Manchester 034,53.437439,-2.1977723
E02004026,South Lakeland 012,54.19422,-3.0896162
E02003834,Cheshire East 045,53.084304,-2.442127
E02001079,Manchester 035,53.437484,-2.2370759
E02004027,South Lakeland 013,54.185371,-2.9316679
E02003835,Cheshire East 046,53.078726,-2.4644912
E02004024,South Lakeland 010,54.258949,-2.7346214
E02003832,Cheshire East 043,53.090665,-2.445298
E02004025,South Lakeland 011,54.212796,-2.7821343
E02003833,Cheshire East 044,53.090004,-2.4700926
E02004022,South Lakeland 008,54.258221,-3.1345787
E02003830,Cheshire East 039,53.09608,-2.4516112
E02004023,South Lakeland 009,54.299947,-2.5314885
E02003831,Cheshire East 041,53.09901,-2.3962641
E02004020,South Lakeland 006,54.31358,-2.7411282
E02004021,South Lakeland 007,54.266215,-2.9398318
E02003838,Cheshire East 048,53.062702,-2.4544104
E02003839,Cheshire East 050,53.063714,-2.5251985
E02004028,South Lakeland 014,54.179396,-3.101821
E02005326,Wyre 008,53.882594,-3.0389125
E02005327,Wyre 009,53.869883,-2.8645824
E02005324,Wyre 006,53.896099,-2.7642602
E02005325,Wyre 007,53.901819,-2.7791278
E02005322,Wyre 004,53.917611,-2.9691187
E02005323,Wyre 005,53.908347,-3.0303725
E02005320,Wyre 002,53.920471,-3.0325745
E02001221,Stockport 035,53.371356,-2.1143365
E02005279,Rossendale 002,53.704272,-2.3229947
E02001228,Stockport 042,53.353798,-2.1634012
E02001229,Tameside 001,53.518024,-2.0401236
E02001416,St. Helens 011,53.453013,-2.6987698
E02001497,Wirral 031,53.361612,-2.9998358
E02001417,St. Helens 012,53.452916,-2.7475285
E02001496,Wirral 030,53.369063,-3.0502089
E02001414,St. Helens 009,53.458423,-2.7761805
E02001495,Wirral 029,53.3694,-3.022758
E02001415,St. Helens 010,53.458682,-2.6383185
E02001494,Wirral 028,53.370037,-3.1614399
E02001412,St. Helens 007,53.463073,-2.7561721
E02001493,Wirral 027,53.372948,-3.0136291
E02001413,St. Helens 008,53.46372,-2.707697
E02001492,Wirral 026,53.373048,-3.1797697
E02001410,St. Helens 005,53.469672,-2.6554764
E02001491,Wirral 025,53.374559,-3.0859689
E02001411,St. Helens 006,53.467158,-2.6775663
E02001490,Wirral 024,53.375059,-3.063404
E02001418,St. Helens 013,53.453109,-2.6449963
E02001499,Wirral 033,53.353652,-3.1140284
E02001419,St. Helens 014,53.452653,-2.7215476
E02001498,Wirral 032,53.360773,-3.0204026
E02002626,Blackburn with Darwen 012,53.728647,-2.5072016
E02002627,Blackburn with Darwen 013,53.722614,-2.4881855
E02002624,Blackburn with Darwen 010,53.728215,-2.5282644
E02002625,Blackburn with Darwen 011,53.730658,-2.4704079
E02002622,Blackburn with Darwen 008,53.745829,-2.4495007
E02002623,Blackburn with Darwen 009,53.736278,-2.4965302
E02002620,Blackburn with Darwen 006,53.749976,-2.4833924
E02002621,Blackburn with Darwen 007,53.744383,-2.4659063
E02002628,Blackburn with Darwen 014,53.706278,-2.4805431
E02002629,Blackburn with Darwen 015,53.697977,-2.4587898
E02003966,Allerdale 002,54.820641,-3.1007692
E02003967,Allerdale 003,54.766061,-3.3247705
E02003965,Allerdale 001,54.826764,-3.1733501
E02003968,Allerdale 004,54.712969,-3.4840604
E02003969,Allerdale 005,54.70523,-3.4913983
E02001136,Rochdale 005,53.63173,-2.1629777
E02001137,Rochdale 006,53.629408,-2.194814
E02001134,Rochdale 003,53.63393,-2.1091338
E02001135,Rochdale 004,53.633626,-2.1341309
E02001132,Rochdale 001,53.647305,-2.0982009
E02001133,Rochdale 002,53.645982,-2.1198447
E02001130,Oldham 033,53.506,-2.1425772
E02001131,Oldham 034,53.501359,-2.1596875
E02001138,Rochdale 007,53.623523,-2.204191
E02001139,Rochdale 008,53.622235,-2.1446324
E02001046,Manchester 002,53.527324,-2.2128538
E02006860,Oldham 035,53.532479,-2.1275042
E02001047,Manchester 003,53.524322,-2.1858237
E02001044,Bury 026,53.521803,-2.2633236
E02001045,Manchester 001,53.53411,-2.2276583
E02001042,Bury 024,53.528169,-2.2824006
E02001043,Bury 025,53.521825,-2.2889345
E02001040,Bury 022,53.541859,-2.2741923
E02001041,Bury 023,53.532111,-2.2720926
E02003806,Cheshire West and Chester 041,53.181678,-2.8616439
E02003887,Cheshire West and Chester 037,53.194315,-2.5473749
E02003807,Cheshire West and Chester 043,53.180109,-2.8928257
E02003886,Cheshire West and Chester 035,53.197874,-2.5046685
E02001048,Manchester 004,53.522145,-2.242119
E02003804,Cheshire West and Chester 036,53.193492,-2.8651139
E02003885,Cheshire West and Chester 026,53.224399,-2.513578
E02001049,Manchester 005,53.516579,-2.1701658
E02003805,Cheshire West and Chester 039,53.183598,-2.8305116
E02003884,Cheshire West and Chester 024,53.234376,-2.5983748
E02003802,Cheshire West and Chester 033,53.196641,-2.8818976
E02003883,Cheshire West and Chester 023,53.244022,-2.5297872
E02003803,Cheshire West and Chester 034,53.195947,-2.8989029
E02003882,Cheshire West and Chester 021,53.25342,-2.49534
E02003800,Cheshire West and Chester 030,53.205102,-2.734419
E02003881,Cheshire West and Chester 020,53.254189,-2.5256561
E02003801,Cheshire West and Chester 032,53.200692,-2.8601241
E02003880,Cheshire West and Chester 019,53.26045,-2.5733442
E02003808,Cheshire West and Chester 044,53.173062,-2.9175891
E02003889,Cheshire West and Chester 040,53.184518,-2.5412493
E02003809,Cheshire West and Chester 046,53.130689,-2.7715751
E02003888,Cheshire West and Chester 038,53.192521,-2.532744
E02005332,Wyre 014,53.839146,-2.9984295
E02005330,Wyre 012,53.868036,-2.998342
E02005331,Wyre 013,53.848503,-2.9898206
E02003975,Allerdale 011,54.630233,-3.5292407
E02005309,West Lancashire 006,53.572694,-2.8911254
E02004011,Eden 004,54.666179,-2.7490396
E02005220,Hyndburn 009,53.739187,-2.404266
E02001472,Wirral 006,53.416713,-3.0962363
E02001346,Knowsley 020,53.358525,-2.8317912
E02006913,Manchester 056,53.501007,-2.236119
E02003872,Cheshire East 020,53.239287,-2.1379868
E02001266,Trafford 008,53.448565,-2.3321471
E02001171,Salford 015,53.502623,-2.3216245
E02005297,South Ribble 011,53.717093,-2.7915588
E02001546,Doncaster 008,53.574394,-1.0014617
E02001547,Doncaster 009,53.56584,-1.1925305
E02001544,Doncaster 006,53.577777,-1.018177
E02001545,Doncaster 007,53.566115,-1.0671873
E02001542,Doncaster 004,53.598143,-1.0255625
E02001543,Doncaster 005,53.587139,-1.1905989
E02001540,Doncaster 002,53.616401,-1.1585809
E02001541,Doncaster 003,53.61088,-0.95939694
E02001548,Doncaster 010,53.552881,-1.1462714
E02001549,Doncaster 011,53.551679,-1.0671878
E02002446,Wakefield 009,53.708204,-1.4293562
E02002447,Wakefield 010,53.706444,-1.2402887
E02002444,Wakefield 007,53.712441,-1.4755099
E02002445,Wakefield 008,53.710399,-1.5046695
E02002442,Wakefield 005,53.717483,-1.3373729
E02002443,Wakefield 006,53.714366,-1.4902893
E02002440,Wakefield 003,53.720946,-1.3202547
E02002441,Wakefield 004,53.718,-1.3665045
E02002448,Wakefield 011,53.70663,-1.2656907
E02002449,Wakefield 012,53.702023,-1.2963235
E02005746,Craven 005,53.960899,-2.0077368
E02005747,Craven 006,53.95599,-2.0193938
E02005744,Craven 003,54.065594,-2.2797731
E02005745,Craven 004,53.977418,-1.99478
E02005742,Craven 001,54.12931,-2.493875
E02005743,Craven 002,54.070152,-2.0158872
E02005748,Craven 007,53.919895,-2.0522649
E02005749,Craven 008,53.89971,-1.9928108
E02001646,Sheffield 036,53.37169,-1.4966568
E02001647,Sheffield 037,53.370841,-1.391489
E02001642,Sheffield 032,53.380278,-1.4018025
E02001643,Sheffield 033,53.378677,-1.5280823
E02001640,Sheffield 030,53.382233,-1.4985771
E02001648,Sheffield 038,53.370505,-1.5209584
E02001649,Sheffield 039,53.3698,-1.4244332
E02006876,Leeds 112,53.781679,-1.5301614
E02006875,Leeds 111,53.79781,-1.5457855
E02006870,Ryedale 008,54.13232,-0.78674649
E02005816,Selby 008,53.746107,-0.99877558
E02005817,Selby 009,53.749527,-1.236297
E02005814,Selby 006,53.778517,-1.0839427
E02005815,Selby 007,53.768044,-1.0909068
E02005812,Selby 004,53.792958,-1.2505068
E02005813,Selby 005,53.783343,-1.0674919
E02005810,Selby 002,53.839642,-1.1882919
E02005811,Selby 003,53.829546,-1.0496771
E02005818,Selby 010,53.702831,-1.1531773
E02002356,Leeds 027,53.833835,-1.6479157
E02002357,Leeds 028,53.837228,-1.6287098
E02002354,Leeds 025,53.838637,-1.5467877
E02002352,Leeds 023,53.841238,-1.5314253
E02002353,Leeds 024,53.840968,-1.517629
E02002350,Leeds 021,53.844333,-1.6420218
E02002351,Leeds 022,53.840382,-1.444476
E02002358,Leeds 029,53.834719,-1.4580595
E02002359,Leeds 030,53.830252,-1.3905964
E02002266,Calderdale 023,53.693914,-1.7824295
E02002267,Calderdale 024,53.689073,-1.7999441
E02002264,Calderdale 021,53.705151,-1.8630215
E02002262,Calderdale 019,53.709535,-1.7873939
E02002263,Calderdale 020,53.706298,-1.9334141
E02002260,Calderdale 017,53.712303,-1.9069663
E02002261,Calderdale 018,53.709508,-1.8465394
E02002268,Calderdale 025,53.682759,-1.839354
E02002269,Calderdale 026,53.683578,-1.8694807
E02001556,Doncaster 018,53.529325,-1.0989524
E02001557,Doncaster 019,53.526071,-1.1169574
E02001554,Doncaster 016,53.535033,-1.1709522
E02001555,Doncaster 017,53.531662,-1.04895
E02001552,Doncaster 014,53.538486,-1.0570812
E02001553,Doncaster 015,53.538068,-1.1032936
E02001550,Doncaster 012,53.545085,-1.1636025
E02001551,Doncaster 013,53.538688,-1.1487146
E02001558,Doncaster 020,53.520405,-1.2638912
E02001559,Doncaster 021,53.520534,-1.1696515
E02002456,Wakefield 019,53.687417,-1.5135247
E02002457,Wakefield 020,53.687186,-1.4798817
E02002454,Wakefield 017,53.687769,-1.4943657
E02002455,Wakefield 018,53.687096,-1.2968449
E02002452,Wakefield 015,53.692475,-1.3129444
E02002453,Wakefield 016,53.692765,-1.4187823
E02002450,Wakefield 013,53.699741,-1.4060842
E02002451,Wakefield 014,53.700497,-1.5254612
E02002458,Wakefield 021,53.688138,-1.5834288
E02002459,Wakefield 022,53.684622,-1.5271839
E02002766,North Lincolnshire 018,53.558993,-0.63845392
E02002767,North Lincolnshire 019,53.553308,-0.66124914
E02002764,North Lincolnshire 016,53.567095,-0.67721258
E02002765,North Lincolnshire 017,53.563254,-0.65676786
E02002762,North Lincolnshire 014,53.570695,-0.65417626
E02002763,North Lincolnshire 015,53.568268,-0.63276512
E02002760,North Lincolnshire 012,53.57615,-0.6685476
E02002761,North Lincolnshire 013,53.569611,-0.54989169
E02002768,North Lincolnshire 020,53.531724,-0.8262473
E02005756,Hambleton 007,54.27791,-1.5102849
E02002769,North Lincolnshire 021,53.529593,-0.64822285
E02005757,Hambleton 008,54.234992,-1.3433967
E02005754,Hambleton 005,54.329098,-1.4530902
E02005755,Hambleton 006,54.286777,-1.5914554
E02005752,Hambleton 003,54.388575,-1.4053171
E02005753,Hambleton 004,54.338523,-1.4292485
E02005751,Hambleton 002,54.465025,-1.211483
E02005758,Hambleton 009,54.221081,-1.3387096
E02005759,Hambleton 010,54.118998,-1.1844969
E02001656,Sheffield 046,53.362739,-1.5013904
E02001657,Sheffield 047,53.361763,-1.5129872
E02001654,Sheffield 044,53.362257,-1.3605661
E02001655,Sheffield 045,53.362808,-1.4045266
E02001652,Sheffield 042,53.36807,-1.4722177
E02001653,Sheffield 043,53.363907,-1.4519523
E02001650,Sheffield 040,53.369385,-1.4810536
E02001651,Sheffield 041,53.368622,-1.5522095
E02002687,East Riding of Yorkshire 004,54.087967,-0.19263703
E02002686,East Riding of Yorkshire 003,54.090855,-0.21029471
E02002685,East Riding of Yorkshire 002,54.096557,-0.18405124
E02002684,East Riding of Yorkshire 001,54.103352,-0.19241155
E02001658,Sheffield 048,53.359507,-1.439327
E02001659,Sheffield 049,53.358705,-1.3773125
E02002682,Kingston upon Hull 031,53.735146,-0.39021263
E02002681,Kingston upon Hull 030,53.739972,-0.36688994
E02002680,Kingston upon Hull 029,53.742511,-0.34682099
E02002689,East Riding of Yorkshire 006,54.075324,-0.32012812
E02002688,East Riding of Yorkshire 005,54.081324,-0.19746602
E02006844,Sheffield 074,53.378486,-1.4799359
E02006843,Sheffield 073,53.385937,-1.4756504
E02002326,Kirklees 056,53.592994,-1.7027984
E02002327,Kirklees 057,53.577961,-1.6482463
E02002324,Kirklees 054,53.592887,-1.6497995
E02002325,Kirklees 055,53.59302,-1.8520828
E02002322,Kirklees 052,53.603809,-1.9224371
E02002323,Kirklees 053,53.600662,-1.7928212
E02002320,Kirklees 050,53.616245,-1.807408
E02002321,Kirklees 051,53.614745,-1.7099771
E02002328,Kirklees 058,53.569489,-1.8027732
E02002329,Kirklees 059,53.570112,-1.7692179
E02002276,Kirklees 006,53.722215,-1.6519092
E02002277,Kirklees 007,53.71464,-1.6198498
E02002274,Kirklees 004,53.730387,-1.688538
E02002275,Kirklees 005,53.724196,-1.7184396
E02002272,Kirklees 002,53.734658,-1.6561117
E02002273,Kirklees 003,53.731272,-1.7431905
E02002270,Calderdale 027,53.673299,-1.942321
E02002271,Kirklees 001,53.751228,-1.6910986
E02002278,Kirklees 008,53.714086,-1.7265525
E02002279,Kirklees 009,53.713355,-1.6887092
E02001526,Barnsley 018,53.542446,-1.4517325
E02001527,Barnsley 019,53.541645,-1.5203876
E02001524,Barnsley 016,53.546488,-1.5696377
E02001525,Barnsley 017,53.544948,-1.4743522
E02001522,Barnsley 014,53.546498,-1.3137101
E02001523,Barnsley 015,53.546827,-1.4427415
E02001520,Barnsley 012,53.559708,-1.5105519
E02001521,Barnsley 013,53.550277,-1.4886851
E02001528,Barnsley 020,53.537522,-1.3749796
E02001529,Barnsley 021,53.532735,-1.4646818
E02002426,Leeds 097,53.754167,-1.4520289
E02002427,Leeds 098,53.752115,-1.4795657
E02002424,Leeds 095,53.754221,-1.6106054
E02002425,Leeds 096,53.753904,-1.6540437
E02002422,Leeds 093,53.759493,-1.5932348
E02002423,Leeds 094,53.757029,-1.5245363
E02002420,Leeds 091,53.768406,-1.5592259
E02002421,Leeds 092,53.766372,-1.5302563
E02002428,Leeds 099,53.750125,-1.5333188
E02002776,York 005,53.984585,-1.0624393
E02002777,York 006,53.982829,-1.1033017
E02002774,York 003,54.013437,-1.0834612
E02002775,York 004,53.993148,-1.0690195
E02002772,York 001,54.033759,-1.0386298
E02002773,York 002,54.016408,-1.0723921
E02002770,North Lincolnshire 022,53.494799,-0.55253571
E02002771,North Lincolnshire 023,53.490853,-0.8402481
E02002778,York 007,53.979025,-1.1077748
E02002779,York 008,53.970781,-1.0535563
E02001626,Sheffield 016,53.411382,-1.5113227
E02001627,Sheffield 017,53.409449,-1.5024844
E02001624,Sheffield 014,53.416075,-1.4264719
E02001625,Sheffield 015,53.41653,-1.4727165
E02001622,Sheffield 012,53.419599,-1.4901179
E02001623,Sheffield 013,53.417772,-1.4490184
E02001620,Sheffield 010,53.427082,-1.4465955
E02001621,Sheffield 011,53.424302,-1.4617403
E02002697,East Riding of Yorkshire 014,53.873904,-0.31643794
E02002696,East Riding of Yorkshire 013,53.881693,-0.47769657
E02002695,East Riding of Yorkshire 012,53.90985,-0.16897428
E02002694,East Riding of Yorkshire 011,53.931517,-0.77819945
E02001628,Sheffield 018,53.412207,-1.3966911
E02002693,East Riding of Yorkshire 010,53.945161,-0.27101187
E02001629,Sheffield 019,53.405774,-1.47127
E02002692,East Riding of Yorkshire 009,53.979769,-0.90040976
E02002691,East Riding of Yorkshire 008,53.993661,-0.46528617
E02002699,East Riding of Yorkshire 016,53.853633,-0.43318037
E02002698,East Riding of Yorkshire 015,53.862949,-0.66555664
E02006852,Leeds 109,53.830028,-1.5843478
E02002336,Leeds 007,53.886515,-1.6191299
E02002337,Leeds 008,53.876832,-1.7231049
E02002334,Leeds 005,53.897764,-1.351752
E02002335,Leeds 006,53.893661,-1.4421265
E02002332,Leeds 003,53.913682,-1.700315
E02002333,Leeds 004,53.903025,-1.6942576
E02002330,Leeds 001,53.935773,-1.3946659
E02002331,Leeds 002,53.92956,-1.3766172
E02002338,Leeds 009,53.871105,-1.7106415
E02002339,Leeds 010,53.866395,-1.6925781
E02002246,Calderdale 003,53.74545,-1.8251807
E02002247,Calderdale 004,53.744263,-2.0167779
E02002244,Calderdale 001,53.758717,-1.8859934
E02002245,Calderdale 002,53.752362,-1.9055738
E02002242,Bradford 060,53.757677,-1.7596378
E02002243,Bradford 061,53.739931,-1.767289
E02002240,Bradford 058,53.766606,-1.8508828
E02002241,Bradford 059,53.759919,-1.7907954
E02002248,Calderdale 005,53.742838,-1.8889928
E02002249,Calderdale 006,53.737507,-1.8785465
E02001536,Barnsley 028,53.502949,-1.475339
E02001537,Barnsley 029,53.502135,-1.4234722
E02001534,Barnsley 026,53.518999,-1.3982373
E02001535,Barnsley 027,53.509494,-1.580492
E02001532,Barnsley 024,53.522848,-1.6314625
E02001533,Barnsley 025,53.51931,-1.3202879
E02001530,Barnsley 022,53.531705,-1.3077486
E02001531,Barnsley 023,53.526467,-1.4086607
E02001538,Barnsley 030,53.501372,-1.4445737
E02001539,Doncaster 001,53.630718,-0.94915502
E02002436,Leeds 107,53.725714,-1.5474869
E02002437,Leeds 108,53.724503,-1.5726579
E02002434,Leeds 105,53.735305,-1.5200517
E02002435,Leeds 106,53.736109,-1.6020408
E02002432,Leeds 103,53.740966,-1.3945264
E02002433,Leeds 104,53.741435,-1.6011415
E02002430,Leeds 101,53.74486,-1.5504655
E02002431,Leeds 102,53.745177,-1.5884603
E02002438,Wakefield 001,53.727242,-1.3082856
E02002439,Wakefield 002,53.723012,-1.3507741
E02002746,North East Lincolnshire 021,53.534993,-0.097772734
E02002747,North East Lincolnshire 022,53.526332,-0.066131339
E02002744,North East Lincolnshire 019,53.547362,-0.10505204
E02002745,North East Lincolnshire 020,53.534327,-0.022323251
E02002742,North East Lincolnshire 017,53.550367,-0.024081191
E02002743,North East Lincolnshire 018,53.548237,-0.044392411
E02002740,North East Lincolnshire 015,53.55381,-0.11312748
E02002741,North East Lincolnshire 016,53.554359,-0.084887
E02002748,North East Lincolnshire 023,53.514994,-0.10699448
E02002749,North Lincolnshire 001,53.683703,-0.44275074
E02001636,Sheffield 026,53.389262,-1.4879091
E02001637,Sheffield 027,53.388961,-1.4182657
E02001634,Sheffield 024,53.394242,-1.502797
E02001635,Sheffield 025,53.393457,-1.5264452
E02001632,Sheffield 022,53.397893,-1.4558322
E02001633,Sheffield 023,53.396258,-1.5416482
E02001630,Sheffield 020,53.405241,-1.4547758
E02001631,Sheffield 021,53.404316,-1.513344
E02001638,Sheffield 028,53.386203,-1.5021539
E02001639,Sheffield 029,53.383226,-1.5103671
E02002306,Kirklees 036,53.647641,-1.85935
E02002387,Leeds 058,53.808968,-1.6339404
E02002307,Kirklees 037,53.64846,-1.7457508
E02002386,Leeds 057,53.808579,-1.4437726
E02002304,Kirklees 034,53.651585,-1.8011199
E02002385,Leeds 056,53.810065,-1.5817509
E02002305,Kirklees 035,53.650091,-1.7605217
E02002384,Leeds 055,53.809515,-1.5464639
E02002302,Kirklees 032,53.655917,-1.7275491
E02002383,Leeds 054,53.811215,-1.5714429
E02002303,Kirklees 033,53.65368,-1.8187969
E02002382,Leeds 053,53.811608,-1.5118761
E02002300,Kirklees 030,53.660961,-1.8309626
E02002381,Leeds 052,53.814605,-1.6557466
E02002301,Kirklees 031,53.659673,-1.7898236
E02002380,Leeds 051,53.8149,-1.6398576
E02002308,Kirklees 038,53.647959,-1.8336921
E02002389,Leeds 060,53.807815,-1.4923612
E02002309,Kirklees 039,53.644499,-1.8045264
E02002388,Leeds 059,53.809019,-1.6157321
E02002256,Calderdale 013,53.720095,-2.1045384
E02002257,Calderdale 014,53.71826,-1.8840114
E02002254,Calderdale 011,53.725291,-1.8084112
E02002255,Calderdale 012,53.724031,-1.875736
E02002252,Calderdale 009,53.728463,-1.9070216
E02002253,Calderdale 010,53.725493,-1.8913875
E02002250,Calderdale 007,53.730969,-1.9752709
E02002251,Calderdale 008,53.730991,-1.8619373
E02002258,Calderdale 015,53.719066,-1.7791783
E02002259,Calderdale 016,53.713955,-1.8749626
E02001587,Rotherham 010,53.447434,-1.299603
E02001586,Rotherham 009,53.452072,-1.3774692
E02001585,Rotherham 008,53.45774,-1.3400365
E02001584,Rotherham 007,53.460978,-1.4313195
E02001583,Rotherham 006,53.467043,-1.3285944
E02001582,Rotherham 005,53.470568,-1.3500064
E02001581,Rotherham 004,53.478406,-1.3146281
E02001580,Rotherham 003,53.488038,-1.3155279
E02001509,Barnsley 001,53.599702,-1.4593782
E02001588,Rotherham 011,53.444659,-1.3938377
E02002406,Leeds 077,53.790086,-1.3717491
E02002407,Leeds 078,53.791456,-1.6097752
E02002404,Leeds 075,53.793069,-1.5217154
E02002405,Leeds 076,53.792646,-1.6779068
E02002402,Leeds 073,53.795092,-1.4427061
E02002403,Leeds 074,53.792838,-1.3877686
E02002482,Wakefield 045,53.591006,-1.3258159
E02002400,Leeds 071,53.79632,-1.5836941
E02002481,Wakefield 044,53.592494,-1.2879005
E02002401,Leeds 072,53.794226,-1.4821417
E02002480,Wakefield 043,53.596784,-1.3003696
E02002408,Leeds 079,53.790867,-1.658491
E02002409,Leeds 080,53.793497,-1.6241927
E02002756,North Lincolnshire 008,53.593281,-0.65868656
E02002757,North Lincolnshire 009,53.590455,-0.6729478
E02002754,North Lincolnshire 006,53.605529,-0.82324998
E02002755,North Lincolnshire 007,53.597593,-0.65522556
E02002752,North Lincolnshire 004,53.617821,-0.32744618
E02002753,North Lincolnshire 005,53.60365,-0.68672553
E02002750,North Lincolnshire 002,53.679198,-0.36963561
E02002751,North Lincolnshire 003,53.657014,-0.60221804
E02002758,North Lincolnshire 010,53.582435,-0.64386385
E02005787,Richmondshire 006,54.309599,-1.8109368
E02002759,North Lincolnshire 011,53.559307,-0.48370863
E02005786,Richmondshire 005,54.321615,-2.0554812
E02005785,Richmondshire 004,54.374667,-1.7150122
E02005784,Richmondshire 003,54.380361,-1.6336514
E02005783,Richmondshire 002,54.408756,-1.7310301
E02005782,Richmondshire 001,54.46934,-1.6769855
E02005781,Harrogate 021,53.955231,-1.529006
E02005780,Harrogate 020,53.979442,-1.5519098
E02005789,Ryedale 002,54.243912,-0.77138215
E02005788,Ryedale 001,54.269949,-0.92970816
E02002666,Kingston upon Hull 015,53.764242,-0.35303734
E02002667,Kingston upon Hull 016,53.761631,-0.31717004
E02002664,Kingston upon Hull 013,53.771252,-0.31030591
E02002665,Kingston upon Hull 014,53.766587,-0.38131776
E02002662,Kingston upon Hull 011,53.773628,-0.28893514
E02002663,Kingston upon Hull 012,53.772447,-0.35682842
E02002660,Kingston upon Hull 009,53.775821,-0.26084648
E02002661,Kingston upon Hull 010,53.774463,-0.27261801
E02002668,Kingston upon Hull 017,53.761419,-0.27379062
E02002669,Kingston upon Hull 018,53.760532,-0.3623908
E02001606,Rotherham 029,53.364945,-1.2076787
E02001607,Rotherham 030,53.364181,-1.3105411
E02001604,Rotherham 027,53.386748,-1.3531929
E02001605,Rotherham 028,53.376277,-1.2168333
E02001602,Rotherham 025,53.404869,-1.3700507
E02001603,Rotherham 026,53.393662,-1.2606355
E02001600,Rotherham 023,53.417319,-1.3384655
E02001681,Sheffield 071,53.319212,-1.5179299
E02001601,Rotherham 024,53.408436,-1.322071
E02001680,Sheffield 070,53.321701,-1.4690066
E02001608,Rotherham 031,53.355693,-1.3069369
E02001609,Rotherham 032,53.352443,-1.2160231
E02002316,Kirklees 046,53.632934,-1.7014141
E02002397,Leeds 068,53.799761,-1.6476999
E02002317,Kirklees 047,53.632731,-1.8140625
E02002396,Leeds 067,53.799983,-1.6091191
E02002314,Kirklees 044,53.634873,-1.7471028
E02002395,Leeds 066,53.803161,-1.6911273
E02002315,Kirklees 045,53.635465,-1.8334085
E02002394,Leeds 065,53.804656,-1.5086162
E02002312,Kirklees 042,53.637678,-1.7742037
E02002393,Leeds 064,53.80409,-1.5242169
E02002313,Kirklees 043,53.636992,-1.7982695
E02002392,Leeds 063,53.803399,-1.5623667
E02002310,Kirklees 040,53.642271,-1.7471644
E02002391,Leeds 062,53.807253,-1.6718272
E02002311,Kirklees 041,53.640497,-1.8458669
E02002390,Leeds 061,53.807403,-1.4637873
E02002318,Kirklees 048,53.628453,-1.7873173
E02002399,Leeds 070,53.797043,-1.5021163
E02002319,Kirklees 049,53.622433,-1.8707727
E02002398,Leeds 069,53.797535,-1.4619243
E02002226,Bradford 044,53.78787,-1.7749319
E02002227,Bradford 045,53.784373,-1.7388448
E02002224,Bradford 042,53.795627,-1.7235029
E02002225,Bradford 043,53.792182,-1.8476652
E02002222,Bradford 040,53.797725,-1.8083094
E02002223,Bradford 041,53.799399,-1.778423
E02002220,Bradford 038,53.801045,-1.7149648
E02002221,Bradford 039,53.798079,-1.7469276
E02002228,Bradford 046,53.784961,-1.7168343
E02002229,Bradford 047,53.781856,-1.8163338
E02001516,Barnsley 008,53.571694,-1.4135722
E02001597,Rotherham 020,53.423459,-1.1950344
E02001517,Barnsley 009,53.5651,-1.4563165
E02001596,Rotherham 019,53.426765,-1.2793399
E02001514,Barnsley 006,53.580913,-1.3790676
E02001595,Rotherham 018,53.427408,-1.2199124
E02001515,Barnsley 007,53.580931,-1.4749936
E02001594,Rotherham 017,53.429784,-1.3494998
E02001512,Barnsley 004,53.587983,-1.5056179
E02001593,Rotherham 016,53.431525,-1.3793798
E02001513,Barnsley 005,53.583876,-1.5327493
E02001592,Rotherham 015,53.434651,-1.3984356
E02001510,Barnsley 002,53.595751,-1.4466008
E02001591,Rotherham 014,53.434608,-1.3358941
E02001511,Barnsley 003,53.590056,-1.4096168
E02001590,Rotherham 013,53.435755,-1.3208989
E02001518,Barnsley 010,53.563289,-1.4857351
E02001599,Rotherham 022,53.420548,-1.2693783
E02001519,Barnsley 011,53.562259,-1.4366508
E02001598,Rotherham 021,53.421741,-1.3209114
E02002416,Leeds 087,53.768962,-1.415804
E02002417,Leeds 088,53.768302,-1.360544
E02002414,Leeds 085,53.779531,-1.5488661
E02002415,Leeds 086,53.774153,-1.5504259
E02002412,Leeds 083,53.781452,-1.601506
E02002410,Leeds 081,53.788638,-1.5895532
E02002411,Leeds 082,53.782738,-1.5605631
E02002418,Leeds 089,53.76972,-1.3754971
E02002419,Leeds 090,53.769398,-1.5726424
E02002726,North East Lincolnshire 001,53.614491,-0.21516106
E02002727,North East Lincolnshire 002,53.56976,-0.068771532
E02002724,East Riding of Yorkshire 041,53.706406,-0.86856824
E02002725,East Riding of Yorkshire 042,53.689174,-1.0260366
E02002722,East Riding of Yorkshire 039,53.723187,0.03338139
E02002723,East Riding of Yorkshire 040,53.706903,-0.88134136
E02002720,East Riding of Yorkshire 037,53.723615,-0.86434775
E02002721,East Riding of Yorkshire 038,53.722274,-0.84075659
E02002728,North East Lincolnshire 003,53.568749,-0.095472671
E02005797,Scarborough 003,54.47961,-0.61293244
E02002729,North East Lincolnshire 004,53.571082,-0.13049694
E02005796,Scarborough 002,54.488683,-0.79716907
E02005795,Scarborough 001,54.486579,-0.62825725
E02005794,Ryedale 007,54.102121,-0.90596991
E02005791,Ryedale 004,54.149363,-0.6286035
E02005790,Ryedale 003,54.232863,-1.0483692
E02005799,Scarborough 005,54.293745,-0.43629434
E02005798,Scarborough 004,54.41706,-0.56267787
E02002676,Kingston upon Hull 025,53.753236,-0.37057685
E02002677,Kingston upon Hull 026,53.749442,-0.31526098
E02002674,Kingston upon Hull 023,53.755041,-0.41058107
E02002675,Kingston upon Hull 024,53.75385,-0.34972781
E02002672,Kingston upon Hull 021,53.756942,-0.2557865
E02002673,Kingston upon Hull 022,53.756361,-0.30292495
E02002670,Kingston upon Hull 019,53.760385,-0.39740895
E02002671,Kingston upon Hull 020,53.759132,-0.29233091
E02002678,Kingston upon Hull 027,53.746507,-0.38348486
E02002679,Kingston upon Hull 028,53.744006,-0.40003393
E02001616,Sheffield 006,53.435827,-1.4641688
E02001617,Sheffield 007,53.434181,-1.444366
E02001614,Sheffield 004,53.463036,-1.4723817
E02001615,Sheffield 005,53.44193,-1.4929218
E02001612,Sheffield 002,53.475421,-1.5759464
E02001613,Sheffield 003,53.470164,-1.4910489
E02001610,Rotherham 033,53.340361,-1.2609717
E02001611,Sheffield 001,53.479844,-1.5995742
E02001618,Sheffield 008,53.431775,-1.5378649
E02001619,Sheffield 009,53.43001,-1.4863511
E02002236,Bradford 054,53.770458,-1.7782869
E02002237,Bradford 055,53.770707,-1.7975237
E02002234,Bradford 052,53.775361,-1.7091603
E02002235,Bradford 053,53.774194,-1.749514
E02002232,Bradford 050,53.7776,-1.7865498
E02002233,Bradford 051,53.777466,-1.7674459
E02002230,Bradford 048,53.781213,-1.7578493
E02002231,Bradford 049,53.780195,-1.8009532
E02002238,Bradford 056,53.76745,-1.7659537
E02002239,Bradford 057,53.766598,-1.7243458
E02002736,North East Lincolnshire 011,53.559943,-0.073793729
E02002737,North East Lincolnshire 012,53.55945,-0.057796309
E02002734,North East Lincolnshire 009,53.562797,-0.11695542
E02002735,North East Lincolnshire 010,53.562515,-0.037920312
E02002732,North East Lincolnshire 007,53.57205,-0.16985807
E02002733,North East Lincolnshire 008,53.56393,-0.10163872
E02002730,North East Lincolnshire 005,53.569036,-0.050772471
E02002731,North East Lincolnshire 006,53.56642,-0.062369771
E02002738,North East Lincolnshire 013,53.555138,-0.13304181
E02002739,North East Lincolnshire 014,53.553482,-0.031982608
E02002187,Bradford 005,53.892375,-1.7405463
E02002186,Bradford 004,53.911524,-1.9415381
E02002185,Bradford 003,53.912657,-1.7515795
E02002184,Bradford 002,53.925962,-1.8185199
E02002183,Bradford 001,53.942433,-1.880147
E02002189,Bradford 007,53.873654,-1.9183663
E02002188,Bradford 006,53.876781,-1.8749652
E02006814,East Riding of Yorkshire 043,53.742453,-0.41642403
E02006813,Kingston upon Hull 033,53.730949,-0.41321815
E02006892,East Riding of Yorkshire 045,54.006995,-0.43833571
E02006891,East Riding of Yorkshire 044,54.008291,-0.42263044
E02002366,Leeds 037,53.822996,-1.5009886
E02002367,Leeds 038,53.824415,-1.550815
E02002364,Leeds 035,53.825573,-1.4669432
E02002362,Leeds 033,53.828987,-1.6119183
E02002363,Leeds 034,53.828465,-1.5356243
E02002360,Leeds 031,53.832481,-1.5639782
E02002361,Leeds 032,53.828867,-1.5167348
E02002368,Leeds 039,53.823477,-1.6818634
E02002369,Leeds 040,53.821039,-1.4823885
E02002206,Bradford 024,53.824964,-1.7477988
E02002287,Kirklees 017,53.696199,-1.638175
E02002207,Bradford 025,53.822385,-1.7756283
E02002286,Kirklees 016,53.698396,-1.654741
E02002204,Bradford 022,53.829131,-1.8404363
E02002285,Kirklees 015,53.701816,-1.692778
E02002205,Bradford 023,53.8299,-1.9478653
E02002284,Kirklees 014,53.701931,-1.6117393
E02002202,Bradford 020,53.833248,-1.7833043
E02002283,Kirklees 013,53.705596,-1.6338377
E02002203,Bradford 021,53.830238,-1.7601346
E02002282,Kirklees 012,53.708753,-1.6525505
E02002200,Bradford 018,53.8366,-1.7986652
E02002281,Kirklees 011,53.71092,-1.6686225
E02002201,Bradford 019,53.833057,-1.7290154
E02002280,Kirklees 010,53.711946,-1.6412065
E02002208,Bradford 026,53.822527,-1.7267287
E02002289,Kirklees 019,53.686714,-1.6493855
E02002209,Bradford 027,53.818018,-1.7126474
E02002288,Kirklees 018,53.689176,-1.6086614
E02001566,Doncaster 028,53.501338,-1.1460104
E02001567,Doncaster 029,53.499649,-1.1626123
E02001564,Doncaster 026,53.502322,-1.0188354
E02001562,Doncaster 024,53.509178,-1.0726146
E02001563,Doncaster 025,53.503681,-1.0824441
E02001560,Doncaster 022,53.518311,-1.1300442
E02001561,Doncaster 023,53.510948,-1.1486673
E02001568,Doncaster 030,53.497624,-1.2735265
E02001569,Doncaster 031,53.497459,-1.2924479
E02002466,Wakefield 029,53.669143,-1.5647571
E02002467,Wakefield 030,53.667692,-1.4846017
E02002464,Wakefield 027,53.674064,-1.3560981
E02002465,Wakefield 028,53.671112,-1.5156197
E02002462,Wakefield 025,53.677327,-1.5810981
E02002463,Wakefield 026,53.674486,-1.5323836
E02002460,Wakefield 023,53.68167,-1.3143768
E02002461,Wakefield 024,53.685168,-1.384213
E02002468,Wakefield 031,53.659763,-1.5488136
E02002469,Wakefield 032,53.657336,-1.4267596
E02005766,Harrogate 006,54.076948,-1.7368455
E02005767,Harrogate 007,54.022834,-1.4760868
E02005764,Harrogate 004,54.129976,-1.5235994
E02005765,Harrogate 005,54.091771,-1.3957007
E02005762,Harrogate 002,54.139973,-1.5358525
E02005763,Harrogate 003,54.140497,-1.4589905
E02005760,Hambleton 011,54.069622,-1.2327138
E02005761,Harrogate 001,54.178466,-1.6441544
E02005768,Harrogate 008,54.013784,-1.5714864
E02005769,Harrogate 009,54.009698,-1.4626866
E02002706,East Riding of Yorkshire 023,53.778586,-0.3979752
E02002787,York 016,53.955793,-1.1178869
E02002707,East Riding of Yorkshire 024,53.770032,-0.60458128
E02002786,York 015,53.956841,-1.0536129
E02002704,East Riding of Yorkshire 021,53.797996,-0.2051757
E02002785,York 014,53.956686,-1.0362885
E02002705,East Riding of Yorkshire 022,53.780564,-0.43128979
E02002784,York 013,53.958332,-1.0812408
E02002702,East Riding of Yorkshire 019,53.840678,-0.42209766
E02002783,York 012,53.963087,-1.1283568
E02002703,East Riding of Yorkshire 020,53.828364,-0.43859069
E02002782,York 011,53.979708,-1.1500285
E02002700,East Riding of Yorkshire 017,53.847007,-0.42078037
E02002781,York 010,53.969295,-1.0726914
E02002701,East Riding of Yorkshire 018,53.843059,-0.80555065
E02002780,York 009,53.973285,-1.0879099
E02002708,East Riding of Yorkshire 025,53.779383,-0.41668822
E02002789,York 018,53.947372,-1.1327983
E02002709,East Riding of Yorkshire 026,53.758593,-0.71514671
E02002788,York 017,53.954447,-1.1000094
E02001666,Sheffield 056,53.348346,-1.3462631
E02001664,Sheffield 054,53.351236,-1.4314885
E02001665,Sheffield 055,53.349671,-1.5148675
E02001662,Sheffield 052,53.357103,-1.417888
E02001663,Sheffield 053,53.354029,-1.4740587
E02001660,Sheffield 050,53.358539,-1.4879918
E02001661,Sheffield 051,53.3583,-1.460228
E02002656,Kingston upon Hull 005,53.786577,-0.35868987
E02002657,Kingston upon Hull 006,53.784102,-0.33635237
E02002654,Kingston upon Hull 003,53.787127,-0.38131651
E02002655,Kingston upon Hull 004,53.787507,-0.31179311
E02002652,Kingston upon Hull 001,53.801097,-0.33870146
E02001669,Sheffield 059,53.343985,-1.4815121
E02002653,Kingston upon Hull 002,53.79108,-0.32813647
E02002658,Kingston upon Hull 007,53.780933,-0.30199427
E02002659,Kingston upon Hull 008,53.780194,-0.37583119
E02002197,Bradford 015,53.848064,-1.8305605
E02002196,Bradford 014,53.847562,-1.9512938
E02002195,Bradford 013,53.853095,-1.7697484
E02002194,Bradford 012,53.854337,-1.9288932
E02002193,Bradford 011,53.856296,-1.9141735
E02002192,Bradford 010,53.857117,-1.8260998
E02002191,Bradford 009,53.864894,-1.9225953
E02002190,Bradford 008,53.870019,-1.9007322
E02002199,Bradford 017,53.841593,-1.7319998
E02002198,Bradford 016,53.845697,-1.7646821
E02002376,Leeds 047,53.815423,-1.5018835
E02002377,Leeds 048,53.81579,-1.5193305
E02002374,Leeds 045,53.816755,-1.5955212
E02002375,Leeds 046,53.816791,-1.6205214
E02002373,Leeds 044,53.818975,-1.5825736
E02002370,Leeds 041,53.820254,-1.4454712
E02002371,Leeds 042,53.817552,-1.5307173
E02002379,Leeds 050,53.813435,-1.4660492
E02002216,Bradford 034,53.807726,-1.7710901
E02002297,Kirklees 027,53.664882,-1.7976523
E02002217,Bradford 035,53.80565,-1.7361162
E02002296,Kirklees 026,53.673898,-1.6959781
E02002214,Bradford 032,53.812792,-1.7264427
E02002295,Kirklees 025,53.672091,-1.759171
E02002215,Bradford 033,53.807559,-1.7877493
E02002294,Kirklees 024,53.676888,-1.6310134
E02002212,Bradford 030,53.814071,-1.8117584
E02002293,Kirklees 023,53.680493,-1.6649703
E02002213,Bradford 031,53.810129,-1.8968339
E02002292,Kirklees 022,53.679913,-1.7556141
E02002210,Bradford 028,53.814633,-1.7459774
E02002291,Kirklees 021,53.683795,-1.703447
E02002211,Bradford 029,53.81424,-1.7894318
E02002290,Kirklees 020,53.685761,-1.6885189
E02002218,Bradford 036,53.804906,-1.8257234
E02002299,Kirklees 029,53.662791,-1.7744934
E02002219,Bradford 037,53.802349,-1.789385
E02002298,Kirklees 028,53.661888,-1.6254847
E02001576,Doncaster 038,53.437473,-1.0195467
E02001577,Doncaster 039,53.435219,-1.1104872
E02001574,Doncaster 036,53.474882,-1.0606008
E02001575,Doncaster 037,53.474338,-1.0773518
E02001572,Doncaster 034,53.480897,-1.1897286
E02001573,Doncaster 035,53.479612,-1.2390113
E02001570,Doncaster 032,53.48762,-1.2460268
E02001571,Doncaster 033,53.495111,-1.1822826
E02001578,Rotherham 001,53.506773,-1.3699587
E02001579,Rotherham 002,53.497445,-1.3420583
E02002476,Wakefield 039,53.627639,-1.3747532
E02002477,Wakefield 040,53.621421,-1.4107063
E02002474,Wakefield 037,53.639349,-1.5139415
E02002475,Wakefield 038,53.643807,-1.4693124
E02002472,Wakefield 035,53.646973,-1.5915343
E02002473,Wakefield 036,53.643942,-1.529575
E02002470,Wakefield 033,53.652677,-1.4854807
E02002471,Wakefield 034,53.64415,-1.3330164
E02002478,Wakefield 041,53.616428,-1.2754498
E02002479,Wakefield 042,53.610667,-1.3523619
E02005776,Harrogate 016,53.993629,-1.3003865
E02005777,Harrogate 017,53.987957,-1.5112357
E02005774,Harrogate 014,53.998285,-1.5026789
E02005775,Harrogate 015,53.994503,-1.5440757
E02005772,Harrogate 012,54.001762,-1.4547946
E02005773,Harrogate 013,54.000202,-1.5279343
E02005770,Harrogate 010,54.009053,-1.5344259
E02005771,Harrogate 011,54.003779,-1.5587429
E02005778,Harrogate 018,54.001051,-1.6661107
E02005779,Harrogate 019,53.984466,-1.5376584
E02002716,East Riding of Yorkshire 033,53.724321,-0.17613564
E02002717,East Riding of Yorkshire 034,53.727798,-0.43199654
E02002714,East Riding of Yorkshire 031,53.725158,-0.082347503
E02002795,York 024,53.915888,-1.1279848
E02002715,East Riding of Yorkshire 032,53.73037,-0.56478432
E02002794,York 023,53.941884,-1.0534791
E02002712,East Riding of Yorkshire 029,53.742607,-0.19765015
E02002793,York 022,53.938421,-1.1255043
E02002792,York 021,53.943962,-1.0945675
E02002710,East Riding of Yorkshire 027,53.752911,-0.43453472
E02002791,York 020,53.955913,-0.97440229
E02002711,East Riding of Yorkshire 028,53.751634,-0.45249411
E02002790,York 019,53.9484,-1.0742367
E02002718,East Riding of Yorkshire 035,53.729821,-0.50009056
E02002719,East Riding of Yorkshire 036,53.725922,-0.4431768
E02001676,Sheffield 066,53.332461,-1.4919379
E02001674,Sheffield 064,53.341495,-1.4670937
E02001675,Sheffield 065,53.332663,-1.3516084
E02001672,Sheffield 062,53.342416,-1.4216026
E02001673,Sheffield 063,53.34004,-1.3349006
E02001670,Sheffield 060,53.342838,-1.4442468
E02001671,Sheffield 061,53.342595,-1.3734318
E02001678,Sheffield 068,53.324505,-1.5358413
E02001679,Sheffield 069,53.324213,-1.4863308
E02006861,Leeds 110,53.816604,-1.5653277
E02006868,Sheffield 075,53.377268,-1.4469406
E02006869,Sheffield 076,53.347239,-1.3972027
E02005806,Scarborough 012,54.241695,-0.40821572
E02005807,Scarborough 013,54.247738,-0.48302058
E02005804,Scarborough 010,54.27352,-0.40328816
E02005805,Scarborough 011,54.243243,-0.38406183
E02005802,Scarborough 008,54.281842,-0.41265919
E02005803,Scarborough 009,54.275535,-0.42182495
E02005800,Scarborough 006,54.286412,-0.40211362
E02005801,Scarborough 007,54.28864,-0.42252231
E02005808,Scarborough 014,54.206768,-0.29787137
E02005809,Selby 001,53.882775,-1.2677353
E02002346,Leeds 017,53.850307,-1.6205682
E02002347,Leeds 018,53.848952,-1.5508717
E02002344,Leeds 015,53.85368,-1.5250536
E02002345,Leeds 016,53.85203,-1.5868206
E02002342,Leeds 013,53.85835,-1.6199025
E02002343,Leeds 014,53.855957,-1.6846426
E02002341,Leeds 012,53.858572,-1.5539919
E02002348,Leeds 019,53.846611,-1.6060101
E02002349,Leeds 020,53.84508,-1.5075961
E02002265,Calderdale 022,53.710509,-2.0878947
E02005750,Hambleton 001,54.473494,-1.1637299
E02002429,Leeds 100,53.751146,-1.4926651
E02001589,Rotherham 012,53.43462,-1.271711
E02006803,Sheffield 072,53.324875,-1.3610799
E02001565,Doncaster 027,53.504401,-1.0896204
E02002340,Leeds 011,53.866264,-1.6802921
